Name,Price,Ram,System,SSD,Processor,Display
Lenovo Ultra 5 225U Intel Core Ultra 5 225U - (16 GB/1 TB SSD/Windows 11 Home) 21SKA0FTIG Laptop,"₹1,10,999",16 GB DDR5 RAM,Windows 11 Operating System,1 TB SSD,Intel Core Ultra 5 Processor,40.64 cm (16 inch) Display
Acer Aspire Lite AMD Ryzen 3 Quad Core 5400U - (8 GB/256 GB SSD/Windows 11 Home) AL15-41 Thin and Ligh...,"₹38,990",8 GB DDR4 RAM,Windows 11 Operating System,256 GB SSD,AMD Ryzen 3 Quad Core Processor,39.62 cm (15.6 Inch) Display
Neopticon BrowseBook Intel Celeron Dual Core N4020 - (4 GB/256 GB SSD/Windows 11 Home) BBN40425614 Lap...,"₹19,590",4 GB LPDDR4 RAM,64 bit Windows 11 Home Operating System,256 GB SSD,Intel Celeron Dual Core Processor,35.81 cm (14.1 Inch) Display
Ultimus Pro Intel Celeron Dual Core N4020 - (4 GB/128 GB EMMC Storage/Windows 11 Home) NU14U3INC43BN C...,"₹15,399",4 GB DDR4 RAM,Windows 11 Operating System,,Intel Celeron Dual Core Processor,35.81 cm (14.1 Inch) Display
ASUS Vivobook 14 (2026) Intel Core i3 13th Gen 1315U - (8 GB/512 GB SSD/Windows 11 Home) X1404VA-EB192...,"₹49,990",8 GB DDR4 RAM,Windows 11 Home Operating System,512 GB SSD,Intel Core i3 Processor (13th Gen),35.56 cm (14 inch) Display
ASUS ROG Zephyrus G16 OLED (2026) Intel Core Ultra 9 386H - (32 GB/2 TB SSD/Windows 11 Home/12 GB Grap...,"₹4,99,990",32 GB LPDDR5X RAM,Windows 11 Home Operating System,2 TB SSD,Intel Core Ultra 9 Processor,40.64 cm (16 inch) Display
ASUS Vivobook 15 (2025) with Office 2024 + M365 Basic* Intel Core i3 13th Gen - (8 GB/512 GB SSD/Windo...,"₹44,990",8 GB DDR5 RAM,Windows 11 Home Operating System,512 GB SSD,Intel Core i3 Processor (13th Gen),39.62 cm (15.6 Inch) Display
HP Victus (i5 14th Gen) Intel Core 5 210 H - (16 GB/512 GB SSD/Windows 11 Home/6 GB Graphics/NVIDIA Ge...,"₹94,990",16 GB DDR4 RAM,Windows 11 Operating System,512 GB SSD,Intel Core 5 Processor,39.62 cm (15.6 inch) Display
"ASUS Vivobook 15 (2025) (i5 14th Gen) with MSO 2024 + M365 Basic*, Backlit Keyboard, Intel Core 5 120U...","₹71,500",16 GB DDR4 RAM,Windows 11 Home Operating System,512 GB SSD,Intel Core 5 Processor,39.62 cm (15.6 Inch) Display
Acer Chromebook MediaTek Kompanio 540 - (4 GB/128 GB EMMC Storage/Chrome OS) CB315-8H Chromebook,"₹34,900",4 GB LPDDR5X RAM,64 bit Chrome Operating System,,MediaTek MediaTek Kompanio 540 Processor,39.62 cm (15.6 inch) Display
Acer Aspire One Intel Celeron Dual Core N4500 - (12 GB/512 GB SSD/Windows 11 Home) A114-45 Notebook,"₹38,990",12 GB LPDDR4X RAM,64 bit Windows 11 Home Operating System,512 GB SSD,Intel Celeron Dual Core Processor,35.56 cm (14 inch) Display
Acer Aspire 15 AMD Office 2024 + M365 Basic AMD Ryzen 5 Hexa Core 7430U - (16 GB/512 GB SSD/Windows 11...,"₹56,990",16 GB DDR4 RAM,64 bit Windows 11 Operating System,512 GB SSD,AMD Ryzen 5 Hexa Core Processor,39.62 cm (15.6 Inch) Display
Acer Aspire Lite Intel Core i3 12th Gen 1215U - (16 GB/512 GB SSD/Windows 11 Home) AL15-52 Thin and Li...,"₹51,990",16 GB DDR4 RAM,Windows 11 Operating System,512 GB SSD,Intel Core i3 Processor (12th Gen),39.62 cm (15.6 Inch) Display
Acer Aspire Lite AMD Ryzen 3 Quad Core 5400U - (8 GB/512 GB SSD/Windows 11 Home) AL15-41 Thin and Ligh...,"₹45,990",8 GB DDR4 RAM,Windows 11 Operating System,512 GB SSD,AMD Ryzen 3 Quad Core Processor,39.62 cm (15.6 Inch) Display
Acer One 15 AMD Ryzen 3 Octa Core 7320U - (8 GB/256 GB SSD/Windows 11 Home) AO15-41M-G2 Notebook,"₹41,899",8 GB LPDDR5 RAM,Windows 11 Home Operating System,256 GB SSD,AMD Ryzen 3 Octa Core Processor,39.62 cm (15.6 inch) Display
HP 15 G10 (2025) AMD Athlon Dual Core 7120U - (8 GB/256 GB SSD/Windows 11 Home) 15 G10 Thin and Light ...,"₹46,746",8 GB DDR4 RAM,64 bit Windows 11 Home Operating System,256 GB SSD,AMD Athlon Dual Core Processor,39.62 cm (15.6 Inch) Display
Neopticon Ebook Intel Celeron Dual Core - (4 GB/128 GB SSD/128 GB EMMC Storage/Windows 11 Home) BBEN40...,"₹14,515",4 GB DDR4 RAM,64 bit Windows 11 Home Operating System,128 GB SSD,Intel Celeron Dual Core Processor,29.46 cm (11.6 Inch) Touchscreen Display
Acer Acer One 14 AMD Ryzen 3 Quad Core 7320U - (8 GB/512 GB SSD/Windows 11 Home) A114-43 Thin and Lig...,"₹45,820",8 GB LPDDR5 RAM,Windows 11 Operating System,512 GB SSD,AMD Ryzen 3 Quad Core Processor,35.56 cm (14 Inch) Display
HP AMD Ryzen 5 Quad Core 7520U - (16 GB/512 GB SSD/Windows 11 Home) 15-fc0156AU / 15-fc0690AU Thin and...,"₹54,290",16 GB LPDDR5 RAM,Windows 11 Operating System,512 GB SSD,AMD Ryzen 5 Quad Core Processor,39.62 cm (15.6 Inch) Display
Acer Aspire 3 (i3 14th Gen) Intel Core 3 100U - (8 GB/256 GB SSD/Windows 11 Home) A324-53 Notebook,"₹47,990",8 GB DDR4 RAM,64 bit Windows 11 Home Operating System,256 GB SSD,Intel Core 3 Processor,35.56 cm (14 inch) Display
ASUS Vivobook Go 15 (2026) with Office 2024 + M365 Basic* AMD Ryzen 3 Quad Core 30 - (8 GB/512 GB SSD/...,"₹54,990",8 GB DDR5 RAM,Windows 11 Home Operating System,512 GB SSD,AMD Ryzen 3 Quad Core Processor,39.62 cm (15.6 inch) Display
Primebook 2 Pro (2025) in-Built AI MediaTek Helio G99 (MT8781) - (8 GB/128 GB/Android 15) PBG9914128#4...,"₹28,990",8 GB LPDDR4X RAM,64 bit Android Operating System,,MediaTek Helio G99 (MT8781) Processor,35.81 cm (14.1 Inch) Display
"ASUS Vivobook 16 (2025) with Office 2024 + M365 Basic, AI PC Intel Core Ultra 5 Series 2 225H - (16 GB...","₹80,990",16 GB DDR5 RAM,Windows 11 Home Operating System,512 GB SSD,Intel Core Ultra 5 Processor (Series 2),40.64 cm (16 Inch) Display
Lenovo V15 AMD Ryzen 5 Quad Core 7520U - (16 GB/512 GB SSD/Windows 11 Home) V15 Thin and Light Laptop,"₹59,955",16 GB DDR4 RAM,Windows 11 Operating System,512 GB SSD,AMD Ryzen 5 Quad Core Processor,39.62 cm (15.6 Inch) Display
Lenovo Ultra 5 225U Intel Core Ultra 5 225U - (16 GB/1 TB SSD/Windows 11 Home) 21SKA0FTIG Laptop,"₹1,10,999",16 GB DDR5 RAM,Windows 11 Operating System,1 TB SSD,Intel Core Ultra 5 Processor,40.64 cm (16 inch) Display
Acer Aspire Lite AMD Ryzen 3 Quad Core 5400U - (8 GB/256 GB SSD/Windows 11 Home) AL15-41 Thin and Ligh...,"₹38,990",8 GB DDR4 RAM,Windows 11 Operating System,256 GB SSD,AMD Ryzen 3 Quad Core Processor,39.62 cm (15.6 Inch) Display
Neopticon BrowseBook Intel Celeron Dual Core N4020 - (4 GB/256 GB SSD/Windows 11 Home) BBN40425614 Lap...,"₹19,590",4 GB LPDDR4 RAM,64 bit Windows 11 Home Operating System,256 GB SSD,Intel Celeron Dual Core Processor,35.81 cm (14.1 Inch) Display
Ultimus Pro Intel Celeron Dual Core N4020 - (4 GB/128 GB EMMC Storage/Windows 11 Home) NU14U3INC43BN C...,"₹15,399",4 GB DDR4 RAM,Windows 11 Operating System,,Intel Celeron Dual Core Processor,35.81 cm (14.1 Inch) Display
Acer Aspire Lite Intel Core i3 12th Gen 1215U - (16 GB/512 GB SSD/Windows 11 Home) AL15-52 Thin and Li...,"₹49,900",16 GB DDR4 RAM,Windows 11 Operating System,512 GB SSD,Intel Core i3 Processor (12th Gen),39.62 cm (15.6 Inch) Display
ASUS ROG Zephyrus G16 OLED (2026) Intel Core Ultra 9 386H - (32 GB/2 TB SSD/Windows 11 Home/12 GB Grap...,"₹4,99,990",32 GB LPDDR5X RAM,Windows 11 Home Operating System,2 TB SSD,Intel Core Ultra 9 Processor,40.64 cm (16 inch) Display
HP Victus (i5 14th Gen) Intel Core 5 210 H - (16 GB/512 GB SSD/Windows 11 Home/6 GB Graphics/NVIDIA Ge...,"₹94,990",16 GB DDR4 RAM,Windows 11 Operating System,512 GB SSD,Intel Core 5 Processor,39.62 cm (15.6 inch) Display
ASUS Vivobook 14 (2026) Intel Core i3 13th Gen 1315U - (8 GB/512 GB SSD/Windows 11 Home) X1404VA-EB192...,"₹49,990",8 GB DDR4 RAM,Windows 11 Home Operating System,512 GB SSD,Intel Core i3 Processor (13th Gen),35.56 cm (14 inch) Display
"ASUS Vivobook 15 (2025) (i5 14th Gen) with MSO 2024 + M365 Basic*, Backlit Keyboard, Intel Core 5 120U...","₹71,500",16 GB DDR4 RAM,Windows 11 Home Operating System,512 GB SSD,Intel Core 5 Processor,39.62 cm (15.6 Inch) Display
Acer Chromebook MediaTek Kompanio 540 - (4 GB/128 GB EMMC Storage/Chrome OS) CB315-8H Chromebook,"₹34,900",4 GB LPDDR5X RAM,64 bit Chrome Operating System,,MediaTek MediaTek Kompanio 540 Processor,39.62 cm (15.6 inch) Display
Acer Aspire One Intel Celeron Dual Core N4500 - (12 GB/512 GB SSD/Windows 11 Home) A114-45 Notebook,"₹38,990",12 GB LPDDR4X RAM,64 bit Windows 11 Home Operating System,512 GB SSD,Intel Celeron Dual Core Processor,35.56 cm (14 inch) Display
ASUS Vivobook 15 (2025) with Office 2024 + M365 Basic* Intel Core i3 13th Gen - (8 GB/512 GB SSD/Windo...,"₹44,990",8 GB DDR5 RAM,Windows 11 Home Operating System,512 GB SSD,Intel Core i3 Processor (13th Gen),39.62 cm (15.6 Inch) Display
Acer Aspire 15 AMD Office 2024 + M365 Basic AMD Ryzen 5 Hexa Core 7430U - (16 GB/512 GB SSD/Windows 11...,"₹56,990",16 GB DDR4 RAM,64 bit Windows 11 Operating System,512 GB SSD,AMD Ryzen 5 Hexa Core Processor,39.62 cm (15.6 Inch) Display
ASUS Chromebook CX15 Intel Celeron Dual Core N50 - (4 GB/64 GB EMMC Storage/Chrome OS) CX1505CTA-S7025...,"₹32,999",4 GB LPDDR5 RAM,Chrome Operating System,,Intel Celeron Dual Core Processor,39.62 cm (15.6 inch) Display
Acer One 15 AMD Ryzen 3 Octa Core 7320U - (8 GB/256 GB SSD/Windows 11 Home) AO15-41M-G2 Notebook,"₹41,899",8 GB LPDDR5 RAM,Windows 11 Home Operating System,256 GB SSD,AMD Ryzen 3 Octa Core Processor,39.62 cm (15.6 inch) Display
Acer Aspire Lite AMD Ryzen 3 Quad Core 5400U - (8 GB/512 GB SSD/Windows 11 Home) AL15-41 Thin and Ligh...,"₹45,990",8 GB DDR4 RAM,Windows 11 Operating System,512 GB SSD,AMD Ryzen 3 Quad Core Processor,39.62 cm (15.6 Inch) Display
HP 15 G10 (2025) AMD Athlon Dual Core 7120U - (8 GB/256 GB SSD/Windows 11 Home) 15 G10 Thin and Light ...,"₹46,746",8 GB DDR4 RAM,64 bit Windows 11 Home Operating System,256 GB SSD,AMD Athlon Dual Core Processor,39.62 cm (15.6 Inch) Display
HP AMD Ryzen 5 Quad Core 7520U - (16 GB/512 GB SSD/Windows 11 Home) 15-fc0156AU / 15-fc0690AU Thin and...,"₹54,290",16 GB LPDDR5 RAM,Windows 11 Operating System,512 GB SSD,AMD Ryzen 5 Quad Core Processor,39.62 cm (15.6 Inch) Display
Acer Aspire 3 (i3 14th Gen) Intel Core 3 100U - (8 GB/256 GB SSD/Windows 11 Home) A324-53 Notebook,"₹47,990",8 GB DDR4 RAM,64 bit Windows 11 Home Operating System,256 GB SSD,Intel Core 3 Processor,35.56 cm (14 inch) Display
Neopticon Ebook Intel Celeron Dual Core - (4 GB/128 GB SSD/128 GB EMMC Storage/Windows 11 Home) BBEN40...,"₹14,515",4 GB DDR4 RAM,64 bit Windows 11 Home Operating System,128 GB SSD,Intel Celeron Dual Core Processor,29.46 cm (11.6 Inch) Touchscreen Display
ASUS Vivobook Go 15 (2026) with Office 2024 + M365 Basic* AMD Ryzen 3 Quad Core 30 - (8 GB/512 GB SSD/...,"₹54,990",8 GB DDR5 RAM,Windows 11 Home Operating System,512 GB SSD,AMD Ryzen 3 Quad Core Processor,39.62 cm (15.6 inch) Display
"ASUS Vivobook 16 (2025) with Office 2024 + M365 Basic, AI PC Intel Core Ultra 5 Series 2 225H - (16 GB...","₹80,990",16 GB DDR5 RAM,Windows 11 Home Operating System,512 GB SSD,Intel Core Ultra 5 Processor (Series 2),40.64 cm (16 Inch) Display
Primebook 2 Pro (2025) in-Built AI MediaTek Helio G99 (MT8781) - (8 GB/128 GB/Android 15) PBG9914128#4...,"₹28,990",8 GB LPDDR4X RAM,64 bit Android Operating System,,MediaTek Helio G99 (MT8781) Processor,35.81 cm (14.1 Inch) Display
HP MS Office 2024 Intel Core i5 13th Gen 13420H - (16 GB/512 GB SSD/Windows 11 Home) 15-fr0045TU Thin ...,"₹67,990",16 GB DDR4 RAM,Windows 11 Home Operating System,512 GB SSD,Intel Core i5 Processor (13th Gen),39.62 cm (15.6 inch) Display
Samsung Galaxy Book4 Metal Intel Core i5 13th Gen 1335U - (16 GB/512 GB SSD/Windows 11 Home) NP750XGJ ...,"₹74,990",16 GB LPDDR4X RAM,64 bit Windows 11 Operating System,512 GB SSD,Intel Core i5 Processor (13th Gen),39.62 cm (15.6 Inch) Display
Acer Intel Celeron Dual Core N4500 - (8 GB/128 GB SSD/Windows 11 Home) A311-45 Notebook,"₹28,990",8 GB DDR4 RAM,64 bit Windows 11 Home Operating System,128 GB SSD,Intel Celeron Dual Core Processor,29.46 cm (11.6 inch) Display
Lenovo Ultra 5 225U Intel Core Ultra 5 225U - (16 GB/1 TB SSD/Windows 11 Home) 21SKA0FTIG Laptop,"₹1,10,999",16 GB DDR5 RAM,Windows 11 Operating System,1 TB SSD,Intel Core Ultra 5 Processor,40.64 cm (16 inch) Display
Lenovo IdeaPad Slim 3 Intel Core i5 13th Gen 13420H - (16 GB/512 GB SSD/Windows 11 Home) IdeaPad Slim ...,"₹73,990",16 GB DDR5 RAM,Windows 11 Home Operating System,512 GB SSD,Intel Core i5 Processor (13th Gen),38.86 cm (15.3 inch) Display
ASUS Expertbook P1 High-performance processor with 1 Yr ADP Intel Core i7 13th Gen 13620H - (32 GB/512...,"₹83,990",32 GB DDR5 RAM,Windows 11 Home Operating System,512 GB SSD,Intel Core i7 Processor (13th Gen),39.62 cm (15.6 Inch) Display
Acer One 14 AMD Ryzen 3 Quad Core 7320U - (8 GB/256 GB SSD/Windows 11 Home) A114-43 Thin and Light Lap...,"₹39,990",8 GB LPDDR5 RAM,64 bit Windows 11 Operating System,256 GB SSD,AMD Ryzen 3 Quad Core Processor,35.56 cm (14 Inch) Display
Acer Aspire 3 Intel Pentium Quad Core N6000 - (12 GB/512 GB SSD/Windows 11 Home) A325-45 Thin and Ligh...,"₹43,990",12 GB LPDDR4X RAM,Windows 11 Home Operating System,512 GB SSD,Intel Pentium Quad Core Processor,39.62 cm (15.6 Inch) Display
ASUS Vivobook 15 (2026) with Office 2024 + M365 Basic(i3 14th Gen) Intel Core 3 14th Gen 100U - (8 GB/...,"₹52,990",8 GB DDR5 RAM,Windows 11 Home Operating System,512 GB SSD,Intel Core 3 Processor (14th Gen),39.62 cm (15.6 inch) Display
"Acer Aspire 15 MS Office 2024 + M365 Basic, AMD Ryzen 3 Quad Core 7330U - (8 GB/256 GB SSD/Windows 11 ...","₹43,990",8 GB DDR4 RAM,64 bit Windows 11 Home Operating System,256 GB SSD,AMD Ryzen 3 Quad Core Processor,39.62 cm (15.6 inch) Display
HP Intel Core i7 13th Gen 13620H - (16 GB/512 GB SSD/Windows 11 Home) 15-fr0046TU Thin and Light Lapto...,"₹99,000",16 GB DDR4 RAM,Windows 11 Home Operating System,512 GB SSD,Intel Core i7 Processor (13th Gen),39.62 cm (15.6 Inch) Display
Lenovo 100e Chromebook Gen 4 MediaTek Kompanio 520 - (4 GB/32 GB EMMC Storage/Chrome OS) 100e Chromebo...,"₹20,100",4 GB LPDDR4X RAM,Chrome Operating System,,MediaTek Kompanio 520 Processor,29.46 cm (11.6 Inch) Display
HP Intel Core i3 13th Gen 1315U - (8 GB/512 GB SSD/Windows 11 Home) 15-fd0569TU Thin and Light Laptop,"₹54,990",8 GB DDR4 RAM,Windows 11 Home Operating System,512 GB SSD,Intel Core i3 Processor (13th Gen),39.62 cm (15.6 Inch) Display
Acer Aspire 3 Intel Core i5 13th Gen 1334U - (16 GB/512 GB SSD/Windows 11 Home) A324-53 Thin and Light...,"₹49,990",16 GB DDR4 RAM,Windows 11 Operating System,512 GB SSD,Intel Core i5 Processor (13th Gen),35.56 cm (14 Inch) Display
Acer Aspire 3 Intel Celeron Dual Core - (8 GB/256 GB SSD/Windows 11 Home) A311-45 Thin and Light Lapto...,"₹33,755",8 GB DDR4 RAM,64 bit Windows 11 Home Operating System,256 GB SSD,Intel Celeron Dual Core Processor,29.46 cm (11.6 Inch) Display
"Acer Aspire 15 Lite(i5 14th Gen) Intel Core 5 210H - (16 GB/512 GB SSD/Windows 11 Home) AL 15-52H , AL...","₹59,990",16 GB LPDDR5 RAM,64 bit Windows 11 Home Operating System,512 GB SSD,Intel Core 5 Processor,39.62 cm (15.6 inch) Display
"ASUS Vivobook 15 (2025) with Office 2024 + M365 Basic*, Backlit Keyboard, Intel Core i3 13th Gen 1315U...","₹56,990",16 GB DDR5 RAM,Windows 11 Home Operating System,512 GB SSD,Intel Core i3 Processor (13th Gen),39.62 cm (15.6 Inch) Display
Lenovo Yoga Slim 7 WUXGA OLED with 1Yr ADP Intel Core Ultra 9 185H - (32 GB/1 TB SSD/Windows 11 Home) ...,"₹1,15,990",32 GB LPDDR5 RAM,Windows 11 Operating System,1 TB SSD,Intel Core Ultra 9 Processor,35.56 cm (14 inch) Display
"ASUS Vivobook 14 (2025) with Office 2024 + M365 Basic*, Backlit Keyboard, Intel Core Ultra 5 225H - (1...","₹80,831",16 GB DDR5 RAM,Windows 11 Home Operating System,512 GB SSD,Intel Core Ultra 5 Processor,35.56 cm (14 Inch) Display
ASUS Vivobook Go 15 (2026) with Office 2024 + M365 Basic* AMD Ryzen 3 Quad Core 30 - (8 GB/512 GB SSD/...,"₹48,990",8 GB DDR5 RAM,Windows 11 Home Operating System,512 GB SSD,AMD Ryzen 3 Quad Core Processor,39.62 cm (15.6 inch) Display
"ASUS Vivobook 15 (2025) with Office 2024 + M365 Basic*, Intel Core i3 13th Gen 1315U - (16 GB/512 GB S...","₹48,990",16 GB DDR4 RAM,Windows 11 Home Operating System,512 GB SSD,Intel Core i3 Processor (13th Gen),39.62 cm (15.6 Inch) Display
Lenovo IdeaPad Slim 3 with 1Year ADP AMD Ryzen 5 40 - (16 GB/512 GB SSD/Windows 11 Home) 15AMN8 Laptop,"₹68,490",16 GB LPDDR5 RAM,Windows 11 Home Operating System,512 GB SSD,AMD Ryzen 5 Processor,39.62 cm (15.6 inch) Display
Acer Aspire 3 Intel Celeron Dual Core - (8 GB/512 GB SSD/Windows 11 Home) A311-45 Thin and Light Lapto...,"₹39,550",8 GB DDR4 RAM,64 bit Windows 11 Home Operating System,512 GB SSD,Intel Celeron Dual Core Processor,29.46 cm (11.6 Inch) Display
Acer Aspire 3 Intel Celeron Dual Core N4500 - (12 GB/512 GB SSD/Windows 11 Home) A324-45 Thin and Ligh...,"₹24,990",12 GB LPDDR4X RAM,64 bit Windows 11 Operating System,512 GB SSD,Intel Celeron Dual Core Processor,35.56 cm (14 Inch) Display
Acer Aspire 3 Backlit AMD Ryzen 7 Octa Core 7730U - (16 GB/512 GB SSD/Windows 11 Home) Aspire AS15 - 4...,"₹54,990",16 GB DDR4 RAM,Windows 11 Operating System,512 GB SSD,AMD Ryzen 7 Octa Core Processor,39.62 cm (15.6 Inch) Display
"MICROSOFT Surface Pro 12"" with Pen Core 8 with Microsoft 365 for 6 Months* Snapdragon X Plus - (16 GB/...","₹1,07,098",16 GB LPDDR5X RAM,64 bit Windows 11 Operating System,256 GB SSD,Snapdragon X Plus Processor,30.48 cm (12 inch) Touchscreen Display
Samsung Galaxy Book4 Metal Intel Core i3 13th Gen 1315U - (8 GB/512 GB SSD/Windows 11 Home) NP750XGJ-L...,"₹57,499",8 GB LPDDR4X RAM,64 bit Windows 11 Operating System,512 GB SSD,Intel Core i3 Processor (13th Gen),39.62 cm (15.6 Inch) Display
Lenovo Ultra 5 225U Intel Core Ultra 5 225U - (16 GB/1 TB SSD/Windows 11 Home) 21SKA0FTIG Laptop,"₹1,10,999",16 GB DDR5 RAM,Windows 11 Operating System,1 TB SSD,Intel Core Ultra 5 Processor,40.64 cm (16 inch) Display
ASUS ExpertBook P1 (i3 14th Gen) with 1 Yr ADP Intel Core 3 14th Gen 100U - (16 GB/512 GB SSD/Windows ...,"₹57,990",16 GB DDR5 RAM,64 bit Windows 11 Home Operating System,512 GB SSD,Intel Core 3 Processor (14th Gen),35.56 cm (14 Inch) Display
HP 15 Intel Core i5 13th Gen 13420H - (16 GB/512 GB SSD/Windows 11 Home) 15-fr0028TU | 15-fr0045TU Thi...,"₹68,990",16 GB DDR4 RAM,Windows 11 Home Operating System,512 GB SSD,Intel Core i5 Processor (13th Gen),39.62 cm (15.6 Inch) Display
MSI Modern 14 AMD Ryzen 5 Hexa Core 7530U - (8 GB/512 GB SSD/Windows 11 Home) Modern 14 C7M-284IN / Mo...,"₹47,990",8 GB DDR4 RAM,Windows 11 Operating System,512 GB SSD,AMD Ryzen 5 Hexa Core Processor,35.56 cm (14 Inch) Display
Lenovo Ideapad Slim 3 OLED with 1Yr ADP Snapdragon X - (16 GB/512 GB SSD/Windows 11 Home) 15Q8X10 Lapt...,"₹71,990",16 GB LPDDR5X RAM,64 bit Windows 11 Home Operating System,512 GB SSD,Snapdragon X Processor,38.35 cm (15.1 Inch) Display
Lenovo IdeaPad Slim 3 with 1Yr ADP Intel Core i3 13th Gen 1315U - (8 GB/512 GB SSD/Windows 11 Home) 15...,"₹57,474",8 GB LPDDR5 RAM,Windows 11 Home Operating System,512 GB SSD,Intel Core i3 Processor (13th Gen),39.62 cm (15.6 Inch) Display
"ASUS Vivobook 14 (2025) with Office 2024 + M365 Basic*, Intel Core Ultra 5 225H - (16 GB/512 GB SSD/Wi...","₹74,990",16 GB DDR5 RAM,Windows 11 Home Operating System,512 GB SSD,Intel Core Ultra 5 Processor,35.56 cm (14 Inch) Display
Acer Aspire 7 Intel Core 5 210H - (16 GB/512 GB SSD/Windows 11 Home/4 GB Graphics/NVIDIA GeForce RTX 3...,"₹85,000",16 GB DDR4 RAM,64 bit Windows 11 Home Operating System,512 GB SSD,Intel Core 5 Processor,39.62 cm (15.6 inch) Display
HP 15s Metal Intel Core i3 13th Gen 1315U - (8 GB/512 GB SSD/Windows 11 Home) 15-hr0005TU Thin and Lig...,"₹49,990",8 GB DDR4 RAM,Windows 11 Home Operating System,512 GB SSD,Intel Core i3 Processor (13th Gen),39.62 cm (15.6 Inch) Display
ASUS Vivobook 15 (2025) with Office 2024 + M365 Basic* Intel Core i3 13th Gen - (16 GB/512 GB SSD/Wind...,"₹48,990",16 GB DDR5 RAM,Windows 11 Home Operating System,512 GB SSD,Intel Core i3 Processor (13th Gen),39.62 cm (15.6 Inch) Display
Acer Aspire Lite AMD Ryzen 3 Quad Core 5300U - (16 GB/512 GB SSD/Windows 11 Home) AL15-41 Thin and Lig...,"₹53,535",16 GB DDR4 RAM,Windows 11 Operating System,512 GB SSD,AMD Ryzen 3 Quad Core Processor,39.62 cm (15.6 Inch) Display
Samsung Galaxy Book5 AI Metal Intel Core Ultra 7 255U - (16 GB/512 GB SSD/Windows 11 Home) NP750XHD Th...,"₹85,990",16 GB LPDDR5X RAM,64 bit Windows 11 Operating System,512 GB SSD,Intel Core Ultra 7 Processor,39.62 cm (15.6 Inch) Display
Acer Aspire 3 Intel Celeron Dual Core - (8 GB/256 GB SSD/Windows 11 Home) A311-45 Thin and Light Lapto...,"₹33,990",8 GB DDR4 RAM,64 bit Windows 11 Home Operating System,256 GB SSD,Intel Celeron Dual Core Processor,29.46 cm (11.6 Inch) Display
Primebook Wifi MediaTek MT8183 - (4 GB/64 GB EMMC Storage/Prime OS) PB Wifi Thin and Light Laptop,"₹17,990",4 GB LPDDR4 RAM,Android Operating System,,MediaTek MT8183 Processor,29.46 cm (11.6 Inch) Display
Acer Predator Helios Neo 16S AI Intel Core Ultra 7 255 HX - (16 GB/1 TB SSD/Windows 11 Home/8 GB Graph...,"₹1,85,000",16 GB DDR5 RAM,64 bit Windows 11 Home Operating System,1 TB SSD,Intel Core Ultra 7 Processor,40.64 cm (16 Inch) Display
DELL 15 (Previously Inspiron) (2025) Microsoft Office Home 2024 AMD Ryzen 5 Hexa Core 7530U - (16 GB/5...,"₹67,156",16 GB DDR4 RAM,Windows 11 Operating System,512 GB SSD,AMD Ryzen 5 Hexa Core Processor,39.62 cm (15.6 Inch) Display
Lenovo IdeaPad Slim 3 AMD Ryzen 3 30 - (16 GB/512 GB SSD/Windows 11 Home) IdeaPad Slim 3 15AMN8 Thin a...,"₹57,650",16 GB LPDDR5 RAM,Windows 11 Home Operating System,512 GB SSD,AMD Ryzen 3 Processor,39.62 cm (15.6 inch) Display
ASUS TUF Gaming A15 (2026) AMD Ryzen 7 170 - (16 GB/1 TB SSD/Windows 11 Home/4 GB Graphics/NVIDIA GeFo...,"₹1,13,990",16 GB DDR5 RAM,Windows 11 Home Operating System,1 TB SSD,AMD Ryzen 7 Processor,39.62 cm (15.6 inch) Display
Acer Aspire Intel Core i5 13th Gen 13420H - (16 GB/512 GB SSD/Windows 11 Home) AL15-52H Thin and Light...,"₹64,990",16 GB LPDDR5 RAM,Windows 11 Home Operating System,512 GB SSD,Intel Core i5 Processor (13th Gen),39.62 cm (15.6 Inch) Display
ASUS ExpertBook P1 (i3 14th Gen) with 1 Yr ADP Intel Core 3 14th Gen 100U - (16 GB/512 GB SSD/Windows ...,"₹57,990",16 GB DDR5 RAM,64 bit Windows 11 Home Operating System,512 GB SSD,Intel Core 3 Processor (14th Gen),39.62 cm (15.6 Inch) Display
ASUS Expertbook P1 with 1 Yr ADP (i5 14th Gen) Intel Core 5 210H - (32 GB/512 GB SSD/Windows 11 Home) ...,"₹84,990",32 GB DDR5 RAM,64 bit Windows 11 Home Operating System,512 GB SSD,Intel Core 5 Processor,35.56 cm (14 Inch) Display
Primebook 2 Max (2025) in-Built AI MediaTek Helio G99 (MT8781) - (8 GB/256 GB/Android 15) PBG9915256#4...,"₹32,990",8 GB LPDDR4X RAM,64 bit Android Operating System,,MediaTek Helio G99 (MT8781) Processor,39.62 cm (15.6 Inch) Display
HP 15 (i3 14th Gen) Intel Core 3 100U - (8 GB/512 GB SSD/Windows 11 Home) 15-fd1253TU/ 15-fd1225TU Thi...,"₹54,990",8 GB DDR4 RAM,64 bit Windows 11 Home Operating System,512 GB SSD,Intel Core 3 Processor,39.62 cm (15.6 Inch) Display
Lenovo IdeaPad Slim 3 with 1Yr ADP Snapdragon X - (16 GB/1 TB SSD/Windows 11 Home) 15Q8X10 Thin and Li...,"₹76,950",16 GB LPDDR5X RAM,Windows 11 Home Operating System,1 TB SSD,Snapdragon X Processor,38.86 cm (15.3 inch) Display
DELL Inspiron 15 (Core i3 14th Gen) Intel Core 3 100U - (8 GB/512 GB SSD/Windows 11 Home) DC15250 Thin...,"₹56,990",8 GB DDR4 RAM,Windows 11 Operating System,512 GB SSD,Intel Core 3 Processor,38.1 cm (15 Inch) Display
HP Laptop Intel Core i3 13th Gen 1315U - (8 GB/512 GB SSD/Windows 11 Home) 15-fd0129TU / 15-fd0568TU T...,"₹56,000",8 GB DDR4 RAM,Windows 11 Home Operating System,512 GB SSD,Intel Core i3 Processor (13th Gen),39.62 cm (15.6 Inch) Display
Lenovo Ultra 5 225U Intel Core Ultra 5 225U - (16 GB/1 TB SSD/Windows 11 Home) 21SKA0FTIG Laptop,"₹1,10,999",16 GB DDR5 RAM,Windows 11 Operating System,1 TB SSD,Intel Core Ultra 5 Processor,40.64 cm (16 inch) Display
Acer Aspire 3 AMD Ryzen 3 5400U - (8 GB/512 GB SSD/Windows 11 Home) A325-42 Notebook,"₹45,990",8 GB DDR4 RAM,64 bit Windows 11 Home Operating System,512 GB SSD,AMD Ryzen 3 Processor,39.62 cm (15.6 inch) Display
HP 15 Intel Core 5 14th Gen 120U - (16 GB/512 GB SSD/Windows 11 Home) 15-fd0664TU / 15-fd0682TU Thin a...,"₹67,990",16 GB DDR5 RAM,Windows 11 Home Operating System,512 GB SSD,Intel Core 5 Processor (14th Gen),39.62 cm (15.6 Inch) Display
Lenovo IdeaPad Slim 3 Backlit Keyboard with MSO'2024 Intel Core i5 13th Gen 13420H - (24 GB/1 TB SSD/W...,"₹87,990",24 GB DDR5 RAM,Windows 11 Home Operating System,1 TB SSD,Intel Core i5 Processor (13th Gen),38.86 cm (15.3 Inch) Display
Acer Aspire 3 (i3 14th Gen) Intel Core 3 100U - (8 GB/512 GB SSD/Windows 11 Home) A324-53 Notebook,"₹54,499",8 GB DDR4 RAM,64 bit Windows 11 Home Operating System,512 GB SSD,Intel Core 3 Processor,35.56 cm (14 inch) Display
DELL PRO 15 (2026) AMD Ryzen 5 Quad Core 7520U - (8 GB/512 GB SSD/Windows 11 Home) PRO 15 Thin and Lig...,"₹52,990",8 GB LPDDR5 RAM,64 bit Windows 11 Operating System,512 GB SSD,AMD Ryzen 5 Quad Core Processor,39.62 cm (15.6 inch) Display
Acer Predator Helios Neo 16S AI Intel Core Ultra 7 255HX - (16 GB/1 TB SSD/Windows 11 Home/8 GB Graphi...,"₹1,71,990",16 GB DDR5 RAM,64 bit Windows 11 Home Operating System,1 TB SSD,Intel Core Ultra 7 Processor,40.64 cm (16 Inch) Display
"ASUS Vivobook 15 (2026) with Office 2024 + M365 Basic*, AMD Ryzen 7 Octa Core 170 - (16 GB/512 GB SSD/...","₹73,888",16 GB DDR5 RAM,Windows 11 Home Operating System,512 GB SSD,AMD Ryzen 7 Octa Core Processor,39.62 cm (15.6 inch) Display
Lenovo Chromebook 11IJL9 Intel Celeron Dual Core N4500 - (4 GB/64 GB EMMC Storage/Chrome OS) Chromeboo...,"₹22,590",4 GB LPDDR4X RAM,Chrome Operating System,,Intel Celeron Dual Core Processor,29.46 cm (11.6 Inch) Display
ASUS Expertbook P1 with 1 Yr ADP(i3 14th Gen) Intel Core 3 13th Gen 1315U - (16 GB/512 GB SSD/Windows ...,"₹65,365",16 GB DDR5 RAM,64 bit Windows 11 Home Operating System,512 GB SSD,Intel Core 3 Processor (13th Gen),39.62 cm (15.6 Inch) Display
MSI Modern 14 Intel Core i3 13th Gen 1315U - (8 GB/512 GB SSD/Windows 11 Home) 14 C13M-115IN / 14 C13M...,"₹58,318",8 GB DDR4 RAM,Windows 11 Operating System,512 GB SSD,Intel Core i3 Processor (13th Gen),35.56 cm (14 Inch) Display
MOTOROLA Motobook 60 Pro Full Metal AI PC WUXGA OLED Intel Core Ultra 5 225H - (16 GB/512 GB SSD/Windo...,"₹79,990",16 GB DDR5 RAM,64 bit Windows 11 Operating System,512 GB SSD,Intel Core Ultra 5 Processor,35.56 cm (14 inch) Display
HP 15 (2025) AMD Athlon Dual Core 7120U - (8 GB/256 GB SSD/Windows 11 Home) 15 Thin and Light Laptop,"₹47,990",8 GB DDR4 RAM,64 bit Windows 11 Home Operating System,256 GB SSD,AMD Athlon Dual Core Processor,39.62 cm (15.6 Inch) Display
Acer TravelLite AMD Ryzen 5 7430U - (8 GB/512 GB SSD/Windows 11 Home) TL04-41M Notebook,"₹52,990",8 GB DDR4 RAM,64 bit Windows 11 Home Operating System,512 GB SSD,AMD Ryzen 5 Processor,35.56 cm (14 Inch) Display
ASUS Vivobook Go 15 AMD Ryzen 3 Quad Core 7320U - (8 GB/512 GB SSD/Windows 11 Home) E1504FA-NJ130WS | ...,"₹41,990",8 GB LPDDR5 RAM,Windows 11 Home Operating System,512 GB SSD,AMD Ryzen 3 Quad Core Processor,39.62 cm (15.6 Inch) Display
Samsung Galaxy Book4 Metal Intel Core i5 13th Gen 1335U - (8 GB/512 GB SSD/Windows 11 Home) NP750XGJ-K...,"₹60,990",8 GB LPDDR4X RAM,64 bit Windows 11 Operating System,512 GB SSD,Intel Core i5 Processor (13th Gen),39.62 cm (15.6 Inch) Display
ASUS Chromebook CX14 Intel Celeron Dual Core N50 - (4 GB/64 GB EMMC Storage/Chrome OS) CX1405CTA-S6062...,"₹26,850",4 GB LPDDR5 RAM,Chrome Operating System,,Intel Celeron Dual Core Processor,35.56 cm (14 inch) Display
"ASUS Vivobook 16 (2025), Copilot + PC with Backlit Keyboard, AI PC, Snapdragon X - (16 GB/512 GB SSD/W...","₹63,990",16 GB LPDDR5X RAM,Windows 11 Home Operating System,512 GB SSD,Snapdragon X Processor,40.64 cm (16 Inch) Display
HP 14 AI PC Intel Core Ultra 7 155H - (16 GB/1 TB SSD/Windows 11 Home) 14-ep1152TU Thin and Light Lapt...,"₹90,900",16 GB DDR5 RAM,Windows 11 Home Operating System,1 TB SSD,Intel Core Ultra 7 Processor,35.56 cm (14 Inch) Display
Acer Aspire AMD Ryzen 5 Hexa Core 7430U - (16 GB/1 TB SSD/Windows 11 Home) AS15-42 Thin and Light Lapt...,"₹74,500",16 GB DDR4 RAM,64 bit Windows 11 Home Operating System,1 TB SSD,AMD Ryzen 5 Hexa Core Processor,39.62 cm (15.6 Inch) Display
Lenovo Ultra 5 225U Intel Core Ultra 5 225U - (16 GB/1 TB SSD/Windows 11 Home) 21SKA0FTIG Laptop,"₹1,10,999",16 GB DDR5 RAM,Windows 11 Operating System,1 TB SSD,Intel Core Ultra 5 Processor,40.64 cm (16 inch) Display
DELL 15 (Previously Inspiron) (2026) AMD Ryzen 5 Hexa Core 7530U - (16 GB/512 GB SSD/Windows 11 Home) ...,"₹68,939",16 GB DDR4 RAM,Windows 11 Operating System,512 GB SSD,AMD Ryzen 5 Hexa Core Processor,38.1 cm (15 Inch) Display
HP Victus Intel Core i5 13th Gen 13420H - (16 GB/512 GB SSD/Windows 11 Home/6 GB Graphics/NVIDIA GeFor...,"₹1,04,990",16 GB DDR4 RAM,Windows 11 Home Operating System,512 GB SSD,Intel Core i5 Processor (13th Gen),39.62 cm (15.6 Inch) Display
Samsung Galaxy Book4 Edge Series Copilot AI-PC Full Metal Chasis Snapdragon X - (16 GB/512 GB SSD/Wind...,"₹74,990",16 GB LPDDR5X RAM,64 bit Windows 11 Operating System,512 GB SSD,Snapdragon X Processor,39.62 cm (15.6 Inch) Display
ASUS Expertbook AMD Ryzen 5 Hexa Core 150 - (16 GB/512 GB SSD/Windows 11 Home) PM1503CDA-S70546WS Lapt...,"₹67,990",16 GB DDR5 RAM,Windows 11 Home Operating System,512 GB SSD,AMD Ryzen 5 Hexa Core Processor,39.62 cm (15.6 inch) Display
"ASUS Vivobook 15 (2026) with Office 2024 + M365 Basic*, AMD Ryzen 5 Hexa Core 150 - (16 GB/512 GB SSD/...","₹67,990",16 GB DDR5 RAM,Windows 11 Home Operating System,512 GB SSD,AMD Ryzen 5 Hexa Core Processor,39.62 cm (15.6 inch) Display
ASUS ExpertBook P3 AI PC with 1 Yr ADP Intel Core Ultra 5 225H - (16 GB/512 GB SSD/Windows 11 Home) P3...,"₹87,925",16 GB DDR5 RAM,Windows 11 Home Operating System,512 GB SSD,Intel Core Ultra 5 Processor,35.56 cm (14 inch) Display
Acer Aspire 7 (i5 14th Gen) Intel Core 5 210H - (16 GB/512 GB SSD/Windows 11 Home/6 GB Graphics/NVIDIA...,"₹92,990",16 GB DDR4 RAM,64 bit Windows 11 Home Operating System,512 GB SSD,Intel Core 5 Processor,39.62 cm (15.6 Inch) Display
ASUS Vivobook Go 14 (2026) with Office 2024 + M365 Basic AMD Ryzen 3 Quad Core 30 - (8 GB/512 GB SSD/W...,"₹54,100",8 GB LPDDR5 RAM,Windows 11 Home Operating System,512 GB SSD,AMD Ryzen 3 Quad Core Processor,35.56 cm (14 inch) Display
Acer Aspire 3 Intel Core i5 12th Gen - (8 GB/512 GB SSD/Windows 11 Home) A315-59-50CP Thin and Light L...,"₹54,990",8 GB DDR4 RAM,64 bit Windows 11 Operating System,512 GB SSD,Intel Core i5 Processor (12th Gen),39.62 cm (15.6 inch) Display
HP 14 AI PC Intel Core Ultra 7 155H - (16 GB/512 GB SSD/Windows 11 Home) 14-ep1151TU/14-gr1036TU/14-ep...,"₹86,500",16 GB DDR5 RAM,Windows 11 Home Operating System,512 GB SSD,Intel Core Ultra 7 Processor,35.56 cm (14 Inch) Display
Acer Aspire 3 AMD Ryzen 3 Quad Core 7330U - (8 GB/256 GB SSD/Windows 11 Home) AS15-42 Thin and Light L...,"₹47,735",8 GB DDR4 RAM,Windows 11 Operating System,256 GB SSD,AMD Ryzen 3 Quad Core Processor,39.62 cm (15.6 inch) Display
Primebook 2 Max (2026) in-Built AI MediaTek Helio G99 (MT8781) - (8 GB/128 GB/Android 15) PBG9915128#4...,"₹30,990",8 GB LPDDR4X RAM,64 bit Android Operating System,,MediaTek Helio G99 (MT8781) Processor,39.62 cm (15.6 inch) Display
Acer Aspire Lite AMD Ryzen 5 Hexa Core 5625U - (16 GB/512 GB SSD/Windows 11 Home) AL15-41 Thin and Lig...,"₹56,990",16 GB DDR4 RAM,Windows 11 Operating System,512 GB SSD,AMD Ryzen 5 Hexa Core Processor,39.62 cm (15.6 Inch) Display
ASUS ROG Strix G16 (2026) AMD Ryzen 9 16 Core 8940HX - (16 GB/1 TB SSD/Windows 11 Home/8 GB Graphics/N...,"₹1,54,990",16 GB DDR5 RAM,Windows 11 Home Operating System,1 TB SSD,AMD Ryzen 9 16 Core Processor,40.64 cm (16 inch) Display
ASUS ExpertBook P1 (i7 14th Gen) with 1 Yr ADP Intel Core 7 240H - (32 GB/512 GB SSD/Windows 11 Home) ...,"₹99,828",32 GB DDR5 RAM,64 bit Windows 11 Home Operating System,512 GB SSD,Intel Core 7 Processor,35.56 cm (14 Inch) Display
ASUS Vivobook 15 (2026) with Office 2024 + M365 Basic(i3 14th Gen) Intel Core 3 14th Gen 100U - (8 GB/...,"₹52,990",8 GB DDR5 RAM,Windows 11 Home Operating System,512 GB SSD,Intel Core 3 Processor (14th Gen),39.62 cm (15.6 inch) Display
"ASUS Vivobook 14 Flip OLED (2026) with Touch Screen, Metallic Design, Intel Core Ultra 5 226V - (16 GB...","₹98,990",16 GB LPDDR5X RAM,Windows 11 Home Operating System,512 GB SSD,Intel Core Ultra 5 Processor,35.56 cm (14 inch) Touchscreen Display
HP 15s Backlit Keyboard AMD Ryzen 3 Quad Core 7320U - (8 GB/512 GB SSD/Windows 11 Home) 15-fc0026AU Th...,"₹52,100",8 GB LPDDR5 RAM,64 bit Windows 11 Operating System,512 GB SSD,AMD Ryzen 3 Quad Core Processor,39.62 cm (15.6 Inch) Display
ASUS Vivobook 16 (2025) with Office 2024 + M365 Basic* Intel Core i5 13th Gen 13420H - (16 GB/512 GB S...,"₹77,016",16 GB DDR4 RAM,Windows 11 Home Operating System,512 GB SSD,Intel Core i5 Processor (13th Gen),40.64 cm (16 Inch) Display
Lenovo IdeaPad Slim 3 WUXGA IPS Intel Core i5 13th Gen 13420H - (16 GB/512 GB SSD/Windows 11 Home) 15I...,"₹73,990",16 GB DDR5 RAM,Windows 11 Home Operating System,512 GB SSD,Intel Core i5 Processor (13th Gen),38.86 cm (15.3 inch) Display
Acer Aspire Intel Core i5 12th Gen 12450H - (12 GB/512 GB SSD/Windows 11 Home) AL15-52H Thin and Light...,"₹61,990",12 GB LPDDR5 RAM,Windows 11 Home Operating System,512 GB SSD,Intel Core i5 Processor (12th Gen),39.62 cm (15.6 Inch) Display
"HP Professional 14, Intel Core i5 13th Gen 1334U - (16 GB/512 GB SSD/Windows 11 Pro) 240 G10 Thin and ...","₹78,455",16 GB DDR4X RAM,64 bit Windows 11 Operating System,512 GB SSD,Intel Core i5 Processor (13th Gen),35.56 cm (14 Inch) Display
Lenovo LOQ Intel Core i5 13th Gen 13450HX - (16 GB/512 GB SSD/Windows 11 Home/6 GB Graphics/NVIDIA GeF...,"₹1,27,990",16 GB DDR5 RAM,Windows 11 Operating System,512 GB SSD,Intel Core i5 Processor (13th Gen),39.62 cm (15.6 Inch) Display
Lenovo Ultra 5 225U Intel Core Ultra 5 225U - (16 GB/1 TB SSD/Windows 11 Home) 21SKA0FTIG Laptop,"₹1,10,999",16 GB DDR5 RAM,Windows 11 Operating System,1 TB SSD,Intel Core Ultra 5 Processor,40.64 cm (16 inch) Display
Lenovo LOQ 2025 Intel Core i7 14th Gen 14700HX - (16 GB/1 TB SSD/Windows 11 Home/8 GB Graphics/NVIDIA ...,"₹1,47,990",16 GB DDR5 RAM,Windows 11 Home Operating System,1 TB SSD,Intel Core i7 Processor (14th Gen),39.62 cm (15.6 Inch) Display
Acer AMD Ryzen 3 Quad Core 5th Gen - (8 GB/Windows 11 Home) UN.31ZSI.004 Laptop,"₹47,890",8 GB DDR4 RAM,Windows 11 Home Operating System,,AMD Ryzen 3 Quad Core Processor (5th Gen),39.62 cm (15.6 Inch) Display
ASUS ROG Strix G16 (2025) with Office 2024 + M365 Basic* Intel Core Ultra 9 275HX - (32 GB/1 TB SSD/Wi...,"₹2,49,990",32 GB DDR5 RAM,Windows 11 Home Operating System,1 TB SSD,Intel Core Ultra 9 Processor,40.64 cm (16 Inch) Display
Lenovo IdeaPad Slim 3 Backlit Keyboard with MSO'2024 Intel Core i5 13th Gen 13420H - (24 GB/1 TB SSD/W...,"₹87,990",24 GB DDR5 RAM,Windows 11 Home Operating System,1 TB SSD,Intel Core i5 Processor (13th Gen),38.86 cm (15.3 Inch) Display
Acer Chromebook MediaTek Kompanio 540 - (4 GB/128 GB EMMC Storage/Chrome OS) CB315-8H Chromebook,"₹34,900",4 GB LPDDR5X RAM,64 bit Chrome Operating System,,MediaTek MediaTek Kompanio 540 Processor,39.62 cm (15.6 inch) Display
Lenovo Chromebook MediaTek Kompanio 520 - (4 GB/128 GB EMMC Storage/Chrome OS) 14M868 Chromebook,"₹32,450",4 GB LPDDR4X RAM,Chrome Operating System,,MediaTek Kompanio 520 Processor,35.56 cm (14 Inch) Display
Lenovo IdeaPad Slim 3 with 1Yr ADP Intel Core i3 13th Gen 1315U - (8 GB/512 GB SSD/Windows 11 Home) 15...,"₹57,474",8 GB LPDDR5 RAM,Windows 11 Home Operating System,512 GB SSD,Intel Core i3 Processor (13th Gen),39.62 cm (15.6 Inch) Display
Acer Aspire 3 Intel Celeron Dual Core - (8 GB/512 GB SSD/Windows 11 Home) A311-45 Thin and Light Lapto...,"₹35,499",8 GB DDR4 RAM,64 bit Windows 11 Home Operating System,512 GB SSD,Intel Celeron Dual Core Processor,29.46 cm (11.6 Inch) Display
ASUS ROG Zephyrus G16 OLED (2026) Intel Core Ultra 9 386H - (32 GB/2 TB SSD/Windows 11 Home/12 GB Grap...,"₹4,99,990",32 GB LPDDR5X RAM,Windows 11 Home Operating System,2 TB SSD,Intel Core Ultra 9 Processor,40.64 cm (16 inch) Display
HP 15 G10 (2025) AMD Athlon Dual Core 7120U - (8 GB/256 GB SSD/Windows 11 Home) 15 G10 Thin and Light ...,"₹46,746",8 GB DDR4 RAM,64 bit Windows 11 Home Operating System,256 GB SSD,AMD Athlon Dual Core Processor,39.62 cm (15.6 Inch) Display
MSI Stealth 17 Intel Core i7 13th Gen 13700H - (16 GB/2 TB SSD/Windows 11 Home/8 GB Graphics/NVIDIA Ge...,"₹3,47,990",16 GB DDR5 RAM,Windows 11 Operating System,2 TB SSD,Intel Core i7 Processor (13th Gen),43.94 cm (17.3 Inch) Display
Lenovo IdeaPad Slim 3 Intel Core i5 13th Gen 13420H - (16 GB/512 GB SSD/Windows 11 Home) IdeaPad Slim ...,"₹73,990",16 GB DDR5 RAM,Windows 11 Home Operating System,512 GB SSD,Intel Core i5 Processor (13th Gen),38.86 cm (15.3 inch) Display
Primebook Wifi MediaTek MT8183 - (4 GB/64 GB EMMC Storage/Prime OS) PB Wifi Thin and Light Laptop,"₹17,990",4 GB LPDDR4 RAM,Android Operating System,,MediaTek MT8183 Processor,29.46 cm (11.6 Inch) Display
Neopticon Ebook Intel Celeron Dual Core - (4 GB/128 GB SSD/128 GB EMMC Storage/Windows 11 Home) BBEN40...,"₹14,515",4 GB DDR4 RAM,64 bit Windows 11 Home Operating System,128 GB SSD,Intel Celeron Dual Core Processor,29.46 cm (11.6 Inch) Touchscreen Display
ASUS TUF Gaming A16 (2025) with Office 2024 + M365 Basic* AMD Ryzen 9 16 Core 8940HX - (16 GB/1 TB SSD...,"₹1,89,990",16 GB DDR5 RAM,Windows 11 Home Operating System,1 TB SSD,AMD Ryzen 9 16 Core Processor,40.64 cm (16 Inch) Display
Lenovo IdeaPad Slim 3 Microsoft 365 Basic + Office Home 2024 Intel Core i5 13th Gen 13420H - (16 GB/51...,"₹74,990",16 GB DDR5 RAM,Windows 11 Home Operating System,512 GB SSD,Intel Core i5 Processor (13th Gen),38.86 cm (15.3 Inch) Display
Lenovo AMD Ryzen 3 Quad Core 30 - (8 GB/512 GB SSD/Windows 11 Home) IdeaPad Slim 3 15AMN8 Thin and Lig...,"₹51,990",8 GB LPDDR5 RAM,Windows 11 Home Operating System,512 GB SSD,AMD Ryzen 3 Quad Core Processor,39.62 cm (15.6 inch) Display
Acer Aspire Lite Intel Core i5 12th Gen 1235U - (8 GB/512 GB SSD/Windows 11 Home) AL15-52 Thin and Lig...,"₹59,834",8 GB DDR4 RAM,Windows 11 Operating System,512 GB SSD,Intel Core i5 Processor (12th Gen),39.62 cm (15.6 Inch) Display
ASUS ExpertBook P3 AI PC with 1 Yr ADP Intel Core Ultra 5 225H - (16 GB/512 GB SSD/Windows 11 Home) P3...,"₹87,500",16 GB DDR5 RAM,Windows 11 Home Operating System,512 GB SSD,Intel Core Ultra 5 Processor,40.64 cm (16 inch) Display
ASUS TUF Gaming F16 (2025) with Office 2024 + M365 Basic* Intel Core i7 14th Gen 14650HX - (16 GB/1 TB...,"₹1,49,990",16 GB DDR5 RAM,Windows 11 Home Operating System,1 TB SSD,Intel Core i7 Processor (14th Gen),40.64 cm (16 Inch) Display
HP HP 15s Series Intel Core i3 12th Gen 1215U - (16 GB/512 GB SSD/Windows 11 Home) 15s-fy5004TU Thin a...,"₹52,721",16 GB DDR4 RAM,64 bit Windows 11 Operating System,512 GB SSD,Intel Core i3 Processor (12th Gen),39.62 cm (15.6 Inch) Display
ASUS Vivobook 16 (2025) with Office 2024 + M365 Basic* Intel Core i5 13th Gen 13420H - (16 GB/512 GB S...,"₹77,016",16 GB DDR4 RAM,Windows 11 Home Operating System,512 GB SSD,Intel Core i5 Processor (13th Gen),40.64 cm (16 Inch) Display
"Apple MacBook Air (M5, 2026) M5 - (16 GB/512 GB SSD/Tahoe) MDVQ4HN/A","₹1,79,900",16 GB Unified Memory RAM,Mac OS Operating System,512 GB SSD,Apple M5 Processor,38.86 cm (15.3 inch) Display
"Apple MacBook Air (M5, 2026) M5 - (16 GB/512 GB SSD/Tahoe) MDHE4HN/A","₹1,49,900",16 GB Unified Memory RAM,Mac OS Operating System,512 GB SSD,Apple M5 Processor,34.54 cm (13.6 inch) Display
HP Pavilion Plus Metal Body Intel Core i5 13th Gen 1335U - (16 GB/512 GB SSD/Windows 11 Home) 14-EW010...,"₹92,746",16 GB DDR5 RAM,Windows 11 Home Operating System,512 GB SSD,Intel Core i5 Processor (13th Gen),35.56 cm (14 Inch) Display
Lenovo Ultra 5 225U Intel Core Ultra 5 225U - (16 GB/1 TB SSD/Windows 11 Home) 21SKA0FTIG Laptop,"₹1,10,999",16 GB DDR5 RAM,Windows 11 Operating System,1 TB SSD,Intel Core Ultra 5 Processor,40.64 cm (16 inch) Display
HP OmniBook 5(Previously Pavilion) Intel Core i5 13th Gen 1334U - (16 GB/512 GB SSD/Windows 11 Home) 1...,"₹71,990",16 GB LPDDR5X RAM,Windows 11 Operating System,512 GB SSD,Intel Core i5 Processor (13th Gen),40.64 cm (16 Inch) Display
ASUS Expertbook P3 Metal High-performance processor with 1 Yr ADP Intel Core i5 13th Gen 13420H - (16 ...,"₹73,990",16 GB DDR5 RAM,Windows 11 Home Operating System,512 GB SSD,Intel Core i5 Processor (13th Gen),35.56 cm (14 Inch) Display
Acer Aspire 3 AMD Ryzen 3 5400U - (8 GB/512 GB SSD/Windows 11 Home) A325-42 Notebook,"₹45,990",8 GB DDR4 RAM,64 bit Windows 11 Home Operating System,512 GB SSD,AMD Ryzen 3 Processor,39.62 cm (15.6 inch) Display
Acer Nitro V 15 Intel Core i7 13th Gen 13620H - (16 GB/512 GB SSD/Windows 11 Home/8 GB Graphics/NVIDIA...,"₹1,39,990",16 GB DDR4 RAM,64 bit Windows 11 Home Operating System,512 GB SSD,Intel Core i7 Processor (13th Gen),39.62 cm (15.6 Inch) Display
Lenovo IdeaPad Slim 3 AMD Ryzen 3 30 - (16 GB/512 GB SSD/Windows 11 Home) IdeaPad Slim 3 15AMN8 Thin a...,"₹57,650",16 GB LPDDR5 RAM,Windows 11 Home Operating System,512 GB SSD,AMD Ryzen 3 Processor,39.62 cm (15.6 inch) Display
Lenovo 100e Chromebook Gen 4 MediaTek Kompanio 520 - (4 GB/32 GB EMMC Storage/Chrome OS) 100e Chromebo...,"₹20,100",4 GB LPDDR4X RAM,Chrome Operating System,,MediaTek Kompanio 520 Processor,29.46 cm (11.6 Inch) Display
DELL 14 Microsoft Office Home 2024 AMD Ryzen 5 Hexa Core AI 5 340 - (16 GB/512 GB SSD/Windows 11 Home)...,"₹73,490",16 GB LPDDR5X RAM,Windows 11 Operating System,512 GB SSD,AMD Ryzen 5 Hexa Core Processor,35.56 cm (14 Inch) Display
HP Omen AMD Ryzen 9 16 Core 8940HX - (24 GB/1 TB SSD/Windows 11 Home/8 GB Graphics/NVIDIA GeForce RTX ...,"₹1,74,237",24 GB DDR5 RAM,Windows 11 Home Operating System,1 TB SSD,AMD Ryzen 9 16 Core Processor,40.64 cm (16 Inch) Display
HP Victus Intel Core i5 14th Gen 14450HX - (16 GB/512 GB SSD/Windows 11 Home/6 GB Graphics/NVIDIA GeFo...,"₹96,958",16 GB DDR5 RAM,Windows 11 Home Operating System,512 GB SSD,Intel Core i5 Processor (14th Gen),40.89 cm (16.1 Inch) Display
HP 15 (2025) AMD Ryzen 3 Quad Core 7320U - (8 GB/512 GB SSD/Windows 11 Pro) 15 Thin and Light Laptop,"₹51,499",8 GB DDR4 RAM,64 bit Windows 11 Operating System,512 GB SSD,AMD Ryzen 3 Quad Core Processor,39.62 cm (15.6 Inch) Display
HP 14 AI PC Intel Core Ultra 7 155H - (16 GB/512 GB SSD/Windows 11 Home) 14-ep1151TU/14-gr1036TU/14-ep...,"₹86,500",16 GB DDR5 RAM,Windows 11 Home Operating System,512 GB SSD,Intel Core Ultra 7 Processor,35.56 cm (14 Inch) Display
ASUS Vivobook Go 14 (2026) with Office 2024 + M365 Basic AMD Ryzen 3 Quad Core 30 - (8 GB/512 GB SSD/W...,"₹54,990",8 GB LPDDR5 RAM,Windows 11 Home Operating System,512 GB SSD,AMD Ryzen 3 Quad Core Processor,35.56 cm (14 inch) Display
MSI Commercial 14 H Pro Intel Core i7 13th Gen 13700H - (32 GB/1 TB SSD/Windows 11 Pro) Commercial 14 ...,"₹92,990",32 GB DDR4 RAM,Windows 11 Operating System,1 TB SSD,Intel Core i7 Processor (13th Gen),35.56 cm (14 Inch) Display
ASUS Vivobook 15 (2026) with Office 2024 + M365 Basic(i3 14th Gen) Intel Core 3 14th Gen 100U - (16 GB...,"₹60,980",16 GB DDR5 RAM,Windows 11 Home Operating System,512 GB SSD,Intel Core 3 Processor (14th Gen),39.62 cm (15.6 inch) Display
DELL 14 (i7 14th Gen) Intel Core 7 240H - (16 GB/512 GB SSD/Windows 11 Home) 7440 Thin and Light Lapto...,"₹94,135",16 GB LPDDR5X RAM,Windows 11 Operating System,512 GB SSD,Intel Core 7 Processor,35.56 cm (14 Inch) Display
"ASUS Vivobook 16 (2025), Copilot + PC with Backlit Keyboard, AI PC, Snapdragon X - (16 GB/512 GB SSD/W...","₹63,990",16 GB LPDDR5X RAM,Windows 11 Home Operating System,512 GB SSD,Snapdragon X Processor,40.64 cm (16 Inch) Display
DELL Inspiron 15 (Core i3 14th Gen) Intel Core 3 100U - (8 GB/512 GB SSD/Windows 11 Home) DC15250 Thin...,"₹56,990",8 GB DDR4 RAM,Windows 11 Operating System,512 GB SSD,Intel Core 3 Processor,38.1 cm (15 Inch) Display
Acer Aspire Intel Core i5 13th Gen - (16 GB/512 GB SSD/Windows 11 Home) AL15-52H Thin and Light Laptop,"₹68,999",16 GB LPDDR5 RAM,Windows 11 Home Operating System,512 GB SSD,Intel Core i5 Processor (13th Gen),39.62 cm (15.6 inch) Display
Lenovo IdeaPad Slim 3 WUXGA IPS Intel Core i5 13th Gen 13420H - (16 GB/512 GB SSD/Windows 11 Home) 15I...,"₹73,990",16 GB DDR5 RAM,Windows 11 Home Operating System,512 GB SSD,Intel Core i5 Processor (13th Gen),38.86 cm (15.3 inch) Display
Acer Chromebook Intel Celeron Dual Core N4500 - (8 GB/64 GB EMMC Storage/Chrome OS) CB314-3H-C5QE/ CB3...,"₹23,990",8 GB LPDDR4X RAM,64 bit Chrome Operating System,,Intel Celeron Dual Core Processor,35.56 cm (14 Inch) Display
Acer Chromebook Intel Celeron Dual Core N4500 - (8 GB/128 GB EMMC Storage/Chrome OS) CB314-3H-C5QE/ CB...,"₹23,990",8 GB LPDDR4X RAM,64 bit Chrome Operating System,,Intel Celeron Dual Core Processor,39.62 cm (15.6 Inch) Display
HP Victus AI AMD Ryzen 7 Octa Core 260 - (24 GB/1 TB SSD/Windows 11 Home/8 GB Graphics/NVIDIA GeForce ...,"₹1,64,000",24 GB DDR5 RAM,Windows 11 Home Operating System,1 TB SSD,AMD Ryzen 7 Octa Core Processor,39.62 cm (15.6 Inch) Display
Acer Aspire Lite Intel Core i5 12th Gen 1235U - (16 GB/512 GB SSD/Windows 11 Home) AL15-52 Thin and Li...,"₹66,309",16 GB DDR4 RAM,Windows 11 Operating System,512 GB SSD,Intel Core i5 Processor (12th Gen),39.62 cm (15.6 Inch) Display
Lenovo Ultra 5 225U Intel Core Ultra 5 225U - (16 GB/1 TB SSD/Windows 11 Home) 21SKA0FTIG Laptop,"₹1,10,999",16 GB DDR5 RAM,Windows 11 Operating System,1 TB SSD,Intel Core Ultra 5 Processor,40.64 cm (16 inch) Display
Acer Acer Aspire Lite AL15-53 Intel Core 3 14th Gen 100U - (8 GB/512 GB SSD/Windows 11 Home) AL15-53 N...,"₹49,990",8 GB DDR4 RAM,Windows 11 Home Operating System,512 GB SSD,Intel Core 3 Processor (14th Gen),39.62 cm (15.6 Inch) Display
MOTOROLA Motobook 60 Full Metal OLED (i7 14th Gen) Intel Core 7 Series 2 240H - (16 GB/512 GB SSD/Wind...,"₹74,990",16 GB DDR5 RAM,64 bit Windows 11 Operating System,512 GB SSD,Intel Core 7 Processor (Series 2),35.56 cm (14 Inch) Display
ASUS ExpertBook P3 AI PC with 1 Yr ADP Intel Core Ultra 7 255H - (16 GB/512 GB SSD/Windows 11 Home) P3...,"₹86,990",16 GB DDR5 RAM,Windows 11 Home Operating System,512 GB SSD,Intel Core Ultra 7 Processor,40.64 cm (16 inch) Display
"ASUS Vivobook S16 OLED (2025) with Backlit Keyboard, Metal Body*, Snapdragon X - (16 GB/512 GB SSD/Win...","₹84,557",16 GB LPDDR5X RAM,Windows 11 Home Operating System,512 GB SSD,Snapdragon X Processor,40.64 cm (16 Inch) Display
DELL Inspiron Intel Core i5 13th Gen 1334U - (8 GB/512 GB SSD/Windows 11 Home) 3530 Thin and Light Lap...,"₹64,990",8 GB DDR4 RAM,Windows 11 Operating System,512 GB SSD,Intel Core i5 Processor (13th Gen),39.62 cm (15.6 Inch) Display
ASUS Chromebook CX14 Intel Celeron Dual Core N50 - (4 GB/64 GB EMMC Storage/Chrome OS) CX1405CTA-S6062...,"₹26,850",4 GB LPDDR5 RAM,Chrome Operating System,,Intel Celeron Dual Core Processor,35.56 cm (14 inch) Display
DELL Intel Core Ultra 9 290HX Plus - (32 GB/1 TB SSD/Windows 11 Home/8 GB Graphics/NVIDIA GeForce RTX ...,"₹4,00,450",32 GB DDR5 RAM,Windows 11 Home Operating System,1 TB SSD,Intel Core Ultra 9 Processor,40.64 cm (16 inch) Display
"ASUS Vivobook S16 OLED (2025) with Backlit Keyboard, Metal Body*, Snapdragon X - (16 GB/512 GB SSD/Win...","₹74,991",16 GB LPDDR5X RAM,Windows 11 Home Operating System,512 GB SSD,Snapdragon X Processor,40.64 cm (16 inch) Display
Acer Aspire 3 Intel Celeron Dual Core N4500 - (8 GB/512 GB SSD/Windows 11 Home) A325-45 Thin and Light...,"₹42,990",8 GB LPDDR4X RAM,Windows 11 Operating System,512 GB SSD,Intel Celeron Dual Core Processor,39.62 cm (15.6 Inch) Display
Acer Aspire 7 Intel Core 5 210H - (16 GB/512 GB SSD/Windows 11 Home/4 GB Graphics/NVIDIA GeForce RTX 3...,"₹85,000",16 GB DDR4 RAM,64 bit Windows 11 Home Operating System,512 GB SSD,Intel Core 5 Processor,39.62 cm (15.6 inch) Display
"ASUS Vivobook 15, with Backlit Keyboard, Intel Core i3 13th Gen 1315U - (16 GB/512 GB SSD/Windows 11 H...","₹62,200",16 GB DDR4 RAM,Windows 11 Home Operating System,512 GB SSD,Intel Core i3 Processor (13th Gen),39.62 cm (15.6 Inch) Display
"ASUS Vivobook S14 (2025) with Office 2024 + M365 Basic*, AI PC, Backlit Keyboard, Snapdragon X - (16 G...","₹70,990",16 GB LPDDR5X RAM,Windows 11 Home Operating System,512 GB SSD,Snapdragon X Processor,35.56 cm (14 Inch) Display
ASUS ROG Strix G16 (2025) with Office 2024 + M365 Basic* Intel Core Ultra 9 275HX - (16 GB/1 TB SSD/Wi...,"₹2,04,990",16 GB DDR5 RAM,Windows 11 Home Operating System,1 TB SSD,Intel Core Ultra 9 Processor,40.64 cm (16 Inch) Display
Lenovo LOQ Intel Core i7 13th Gen 13650HX - (16 GB/512 GB SSD/Windows 11 Home/6 GB Graphics/NVIDIA GeF...,"₹1,10,990",16 GB DDR5 RAM,Windows 11 Operating System,512 GB SSD,Intel Core i7 Processor (13th Gen),39.62 cm (15.6 Inch) Display
"Acer Aspire 15 Lite(i5 14th Gen) Intel Core 5 210H - (16 GB/512 GB SSD/Windows 11 Home) AL 15-52H , AL...","₹59,990",16 GB LPDDR5 RAM,64 bit Windows 11 Home Operating System,512 GB SSD,Intel Core 5 Processor,39.62 cm (15.6 inch) Display
HP (i5 14th Gen) Intel Core 5 - (16 GB/512 GB SSD/Windows 11 Home) 14-ep0385TU Laptop,"₹69,990",16 GB DDR4 RAM,Windows 11 Home Operating System,512 GB SSD,Intel Core 5 Processor,35.56 cm (14 inch) Display
HP 15s Intel Core i5 12th Gen 1235U - (8 GB/512 GB SSD/Windows 11 Home) 15s-fy5002TU Thin and Light La...,"₹70,064",8 GB DDR4 RAM,64 bit Windows 11 Operating System,512 GB SSD,Intel Core i5 Processor (12th Gen),39.62 cm (15.6 Inch) Display
"Apple MacBook Air (M5, 2026) M5 - (16 GB/512 GB SSD/Tahoe) MDH74HN/A","₹1,49,900",16 GB Unified Memory RAM,Mac OS Operating System,512 GB SSD,Apple M5 Processor,34.54 cm (13.6 inch) Display
Acer Aspire 3 Intel Pentium Quad Core N6000 - (12 GB/512 GB SSD/Windows 11 Home) A325-45 Thin and Ligh...,"₹43,990",12 GB LPDDR4X RAM,Windows 11 Home Operating System,512 GB SSD,Intel Pentium Quad Core Processor,39.62 cm (15.6 Inch) Display
"Acer Aspire Lite with Backlit Keyboard, AMD Ryzen 5 Hexa Core 5500U - (16 GB/512 GB SSD/Windows 11 Hom...","₹64,643",16 GB DDR4 RAM,Windows 11 Operating System,512 GB SSD,AMD Ryzen 5 Hexa Core Processor,39.62 cm (15.6 Inch) Display
ASUS TUF Gaming A15 (2026) AMD Ryzen 7 Octa Core 170 - (32 GB/1 TB SSD/Windows 11 Home/4 GB Graphics/N...,"₹99,990",32 GB DDR5 RAM,Windows 11 Home Operating System,1 TB SSD,AMD Ryzen 7 Octa Core Processor,39.62 cm (15.6 inch) Display
ASUS Vivobook 14(i5 14th Gen) Intel Core 5 120U - (8 GB/512 GB SSD/Windows 11 Home) X1404VAP-EB1521WS ...,"₹58,990",8 GB DDR5 RAM,Windows 11 Home Operating System,512 GB SSD,Intel Core 5 Processor,35.56 cm (14 inch) Display
Lenovo Yoga Slim 7 WUXGA OLED AI PC with 1Yr ADP Intel Core Ultra 7 155H - (32 GB/1 TB SSD/Windows 11 ...,"₹1,46,890",32 GB LPDDR5X RAM,Windows 11 Operating System,1 TB SSD,Intel Core Ultra 7 Processor,35.56 cm (14 Inch) Display
ASUS ROG Strix G16 (2025) with Office 2024 + M365 Basic* Intel Core i7 14th Gen 14650HX - (16 GB/1 TB ...,"₹1,69,990",16 GB DDR5 RAM,Windows 11 Home Operating System,1 TB SSD,Intel Core i7 Processor (14th Gen),40.64 cm (16 Inch) Display
HP (i3 14th Gen) Intel Core 3 100U - (8 GB/512 GB SSD/Windows 11 Home) 15-fd1095TU Thin and Light Lapt...,"₹57,990",8 GB DDR4 RAM,Windows 11 Operating System,512 GB SSD,Intel Core 3 Processor,39.62 cm (15.6 Inch) Display
Lenovo Ultra 5 225U Intel Core Ultra 5 225U - (16 GB/1 TB SSD/Windows 11 Home) 21SKA0FTIG Laptop,"₹1,10,999",16 GB DDR5 RAM,Windows 11 Operating System,1 TB SSD,Intel Core Ultra 5 Processor,40.64 cm (16 inch) Display
Lenovo IdeaPad Pro 5 with 1Yr ADP Intel Core Ultra 9 285H - (32 GB/1 TB SSD/Windows 11 Home) 14IAH10 T...,"₹1,35,990",32 GB LPDDR5X RAM,Windows 11 Home Operating System,1 TB SSD,Intel Core Ultra 9 Processor,35.56 cm (14 Inch) Display
HP Intel Core i7 13th Gen 13620H - (16 GB/512 GB SSD/Windows 11 Home) 15-fr0046TU Thin and Light Lapto...,"₹99,000",16 GB DDR4 RAM,Windows 11 Home Operating System,512 GB SSD,Intel Core i7 Processor (13th Gen),39.62 cm (15.6 Inch) Display
ASUS TUF Gaming A15 (2026) AMD Ryzen 7 170 - (16 GB/1 TB SSD/Windows 11 Home/4 GB Graphics/NVIDIA GeFo...,"₹1,13,990",16 GB DDR5 RAM,Windows 11 Home Operating System,1 TB SSD,AMD Ryzen 7 Processor,39.62 cm (15.6 inch) Display
ASUS ROG Strix G16 (2026) AMD Ryzen 9 16 Core 8940HX - (16 GB/1 TB SSD/Windows 11 Home/8 GB Graphics/N...,"₹1,54,990",16 GB DDR5 RAM,Windows 11 Home Operating System,1 TB SSD,AMD Ryzen 9 16 Core Processor,40.64 cm (16 inch) Display
Acer Aspire 7 (i5 14th Gen) Intel Core 5 210H - (16 GB/512 GB SSD/Windows 11 Home/6 GB Graphics/NVIDIA...,"₹87,498",16 GB DDR4 RAM,64 bit Windows 11 Home Operating System,512 GB SSD,Intel Core 5 Processor,39.62 cm (15.6 Inch) Display
Acer Nitro V AMD Ryzen 5 Hexa Core 7535HS - (16 GB/512 GB SSD/Windows 11 Home/6 GB Graphics/NVIDIA GeF...,"₹85,999",16 GB DDR5 RAM,64 bit Windows 11 Operating System,512 GB SSD,AMD Ryzen 5 Hexa Core Processor,39.62 cm (15.6 Inch) Display
ASUS Expertbook P1 High-performance processor with 1 Yr ADP Intel Core i7 13th Gen 13620H - (32 GB/512...,"₹83,990",32 GB DDR5 RAM,Windows 11 Home Operating System,512 GB SSD,Intel Core i7 Processor (13th Gen),39.62 cm (15.6 Inch) Display
Lenovo LOQ Intel Core i5 12th Gen 12450HX - (12 GB/512 GB SSD/Windows 11 Home/4 GB Graphics/NVIDIA GeF...,"₹80,090",12 GB DDR5 RAM,64 bit Windows 11 Operating System,512 GB SSD,Intel Core i5 Processor (12th Gen),39.62 cm (15.6 Inch) Display
"ASUS Vivobook S14 (2026) with Office 2024 + M365 Basic*, AI PC NPU up to 16TOPS AMD Ryzen 7 260 - (16 ...","₹86,990",16 GB DDR5 RAM,Windows 11 Home Operating System,1 TB SSD,AMD Ryzen 7 Processor,35.56 cm (14 inch) Display
DELL 15 (2025) Microsoft Office Home 2024 Intel Core i5 13th Gen - (16 GB/512 GB SSD/Windows 11 Home) ...,"₹71,990",16 GB DDR4 RAM,Windows 11 Operating System,512 GB SSD,Intel Core i5 Processor (13th Gen),39.62 cm (15.6 Inch) Display
DELL 15 Intel Core i5 13th Gen 1334U - (16 GB/512 GB SSD/Windows 11 Home) 3530 Thin and Light Laptop,"₹78,990",16 GB DDR4 RAM,64 bit Windows 11 Operating System,512 GB SSD,Intel Core i5 Processor (13th Gen),39.62 cm (15.6 Inch) Display
"Apple MacBook Air (M5, 2026) M5 - (16 GB/512 GB SSD/Tahoe) MDHA4HN/A","₹1,49,900",16 GB Unified Memory RAM,Mac OS Operating System,512 GB SSD,Apple M5 Processor,34.54 cm (13.6 inch) Display
Lenovo LOQ Intel Core i7 13th Gen 13650HX - (16 GB/512 GB SSD/Windows 11 Home/6 GB Graphics/NVIDIA GeF...,"₹1,18,990",16 GB DDR5 RAM,Windows 11 Home Operating System,512 GB SSD,Intel Core i7 Processor (13th Gen),39.62 cm (15.6 Inch) Display
"ASUS Vivobook 16 (2025) with Office 2024 + M365 Basic, AI PC Intel Core Ultra 5 Series 2 225H - (16 GB...","₹80,990",16 GB DDR5 RAM,Windows 11 Home Operating System,512 GB SSD,Intel Core Ultra 5 Processor (Series 2),40.64 cm (16 Inch) Display
HP HyperX Omen Intel Core i7 14th Gen 14650HX - (24 GB/1 TB SSD/Windows 11 Home/8 GB Graphics/NVIDIA G...,"₹1,89,998",24 GB DDR5 RAM,Windows 11 Operating System,1 TB SSD,Intel Core i7 Processor (14th Gen),38.86 cm (15.3 inch) Display
Acer Travellite Intel Core i5 13th Gen 1334U - (8 GB/512 GB SSD/Windows 11 Home) TL04-51M Notebook,"₹56,990",8 GB DDR4 RAM,Windows 11 Home Operating System,512 GB SSD,Intel Core i5 Processor (13th Gen),35.56 cm (14 inch) Display
Lenovo Chromebook 11IJL9 Intel Celeron Dual Core N4500 - (4 GB/64 GB EMMC Storage/Chrome OS) Chromeboo...,"₹22,590",4 GB LPDDR4X RAM,Chrome Operating System,,Intel Celeron Dual Core Processor,29.46 cm (11.6 Inch) Display
Acer Intel Core i3 13th Gen - (8 GB/512 GB SSD/Windows 11 Home) Aspire 3 Laptop,"₹47,990",8 GB DDR4 RAM,Windows 11 Home Operating System,512 GB SSD,Intel Core i3 Processor (13th Gen),39.62 cm (15.6 Inch) Display
HP Intel Core i3 13th Gen 1315U - (8 GB/512 GB SSD/Windows 11 Home) 15-fd0569TU Thin and Light Laptop,"₹54,990",8 GB DDR4 RAM,Windows 11 Home Operating System,512 GB SSD,Intel Core i3 Processor (13th Gen),39.62 cm (15.6 Inch) Display
Lenovo Ultra 5 225U Intel Core Ultra 5 225U - (16 GB/1 TB SSD/Windows 11 Home) 21SKA0FTIG Laptop,"₹1,10,999",16 GB DDR5 RAM,Windows 11 Operating System,1 TB SSD,Intel Core Ultra 5 Processor,40.64 cm (16 inch) Display
HP 255 G10 (2025) AMD Athlon Dual Core 7120U - (8 GB/256 GB SSD/Windows 11 Pro) 255 G10 Thin and Light...,"₹47,048",8 GB DDR4 RAM,64 bit Windows 11 Operating System,256 GB SSD,AMD Athlon Dual Core Processor,39.62 cm (15.6 Inch) Display
Lenovo IdeaPad Slim 3 AMD Ryzen 5 Quad Core 7520U - (16 GB/512 GB SSD/Windows 11 Home) IdeaPad Slim 3 ...,"₹64,990",16 GB LPDDR5 RAM,Windows 11 Home Operating System,512 GB SSD,AMD Ryzen 5 Quad Core Processor,39.62 cm (15.6 inch) Display
Ultimus Pro Intel Celeron Dual Core N4020 - (4 GB/128 GB EMMC Storage/Windows 11 Home) NU14U3INC43BN C...,"₹15,399",4 GB DDR4 RAM,Windows 11 Operating System,,Intel Celeron Dual Core Processor,35.81 cm (14.1 Inch) Display
Apple Macbook Neo A18 Pro(2026) A18 Pro - (8 GB/256 GB SSD/Tahoe) MHFH4HN/A,"₹79,900",8 GB Unified Memory RAM,Mac OS Operating System,256 GB SSD,Apple A18 Pro Processor,33.02 cm (13 inch) Display
DELL Vostro Intel Core i5 12th Gen 1235U - (16 GB/512 GB SSD/Windows 11 Home) 3520 Thin and Light Lapt...,"₹70,999",16 GB DDR4 RAM,Windows 11 Home Operating System,512 GB SSD,Intel Core i5 Processor (12th Gen),39.62 cm (15.6 Inch) Display
"ASUS Vivobook 14 Flip OLED (2026) with Touch Screen, Metallic Design, Intel Core Ultra 7 256V - (16 GB...","₹1,11,990",16 GB LPDDR5X RAM,Windows 11 Home Operating System,512 GB SSD,Intel Core Ultra 7 Processor,35.56 cm (14 Inch) Touchscreen Display
Lenovo IdeaPad Slim 3 WUXGA IPS with 1Yr ADP Intel Core i5 13th Gen 13420H - (16 GB/512 GB SSD/Windows...,"₹72,990",16 GB DDR5 RAM,Windows 11 Home Operating System,512 GB SSD,Intel Core i5 Processor (13th Gen),38.86 cm (15.3 inch) Display
Lenovo LQQ Essential AMD Ryzen 7 Octa Core 7735HS - (16 GB/512 GB SSD/Windows 11 Home/6 GB Graphics/NV...,"₹1,32,990",16 GB DDR5 RAM,Windows 11 Home Operating System,512 GB SSD,AMD Ryzen 7 Octa Core Processor,39.62 cm (15.6 inch) Display
"ASUS Gaming V16 (2025) for Creator with Office 2024 + M365 Basic*,AI PC((i5 14th gen) Intel Core 5 210...","₹1,18,999",16 GB DDR5 RAM,Windows 11 Home Operating System,512 GB SSD,Intel Core 5 Processor,40.64 cm (16 Inch) Display
DELL PRO 15 (2026) AMD Ryzen 5 Quad Core 7520U - (8 GB/512 GB SSD/Windows 11 Home) PRO 15 Thin and Lig...,"₹52,990",8 GB LPDDR5 RAM,64 bit Windows 11 Operating System,512 GB SSD,AMD Ryzen 5 Quad Core Processor,39.62 cm (15.6 inch) Display
Lenovo IdeaPad Slim 3 with 1Yr ADP Snapdragon X - (16 GB/1 TB SSD/Windows 11 Home) 15Q8X10 Thin and Li...,"₹76,950",16 GB LPDDR5X RAM,Windows 11 Home Operating System,1 TB SSD,Snapdragon X Processor,38.86 cm (15.3 inch) Display
ASUS Chromebook Intel Celeron Dual Core N4500 - (4 GB/128 GB EMMC Storage/Chrome OS) CX1500CKA-NJ0413 ...,"₹31,999",4 GB LPDDR4X RAM,Chrome Operating System,,Intel Celeron Dual Core Processor,39.62 cm (15.6 Inch) Display
Lenovo Yoga 7 OLED AI PC Intel Core Ultra 5 125H - (16 GB/1 TB SSD/Windows 11 Home) 14IML9 2 in 1 Lapt...,"₹1,01,990",16 GB LPDDR5X RAM,Windows 11 Operating System,1 TB SSD,Intel Core Ultra 5 Processor,35.56 cm (14 Inch) Touchscreen Display
HP 15 (i3 14th Gen) Intel Core 3 100U - (8 GB/512 GB SSD/Windows 11 Home) 15-fd1253TU/ 15-fd1225TU Thi...,"₹54,990",8 GB DDR4 RAM,64 bit Windows 11 Home Operating System,512 GB SSD,Intel Core 3 Processor,39.62 cm (15.6 Inch) Display
Acer Aspire 3 Intel Celeron Dual Core - (8 GB/256 GB SSD/Windows 11 Home) A311-45 Thin and Light Lapto...,"₹33,990",8 GB DDR4 RAM,64 bit Windows 11 Home Operating System,256 GB SSD,Intel Celeron Dual Core Processor,29.46 cm (11.6 Inch) Display
HP Omnibook Intel Core i5 13th Gen 1334U - (16 GB/512 GB SSD/Windows 11 Home) 16-ba1789TU Laptop,"₹72,990",16 GB LPDDR5X RAM,Windows 11 Operating System,512 GB SSD,Intel Core i5 Processor (13th Gen),40.64 cm (16 inch) Display
Acer One 14 AMD Ryzen 3 Dual Core 3250U - (8 GB/512 GB SSD/Windows 11 Home) Z2-493 Thin and Light Lapt...,"₹47,990",8 GB DDR4 RAM,Windows 11 Operating System,512 GB SSD,AMD Ryzen 3 Dual Core Processor,35.56 cm (14 Inch) Display
"ASUS Vivobook 14 (2025) with Office 2024 + M365 Basic*, AI PC, Backlit Keyboard, Intel Core Ultra 5 22...","₹86,500",16 GB DDR5 RAM,Windows 11 Home Operating System,512 GB SSD,Intel Core Ultra 5 Processor,35.56 cm (14 Inch) Display
Acer Aspire 7(i5 14th Gen) Intel Core 5 210H - (16 GB/512 GB SSD/Windows 11 Home/6 GB Graphics/NVIDIA ...,"₹96,990",16 GB DDR4 RAM,64 bit Windows 11 Home Operating System,512 GB SSD,Intel Core 5 Processor,39.62 cm (15.6 inch) Display
HP 245 G9 Silver AMD Ryzen 5 Hexa Core 5625U - (8 GB/512 GB SSD/Windows 11 Home) 245 G9 Laptop,"₹57,538",8 GB DDR4 RAM,64 bit Windows 11 Operating System,512 GB SSD,AMD Ryzen 5 Hexa Core Processor,35.81 cm (14.1 Inch) Display
DELL Inspiron 15 (2026) Microsoft Office Home 2024 Intel Core i5 13th Gen 1334U - (8 GB/512 GB SSD/Win...,"₹64,990",8 GB DDR4 RAM,64 bit Windows 11 Operating System,512 GB SSD,Intel Core i5 Processor (13th Gen),39.62 cm (15.6 Inch) Display
Lenovo LOQ Intel Core i5 12th Gen 12450HX - (16 GB/512 GB SSD/Windows 11 Home/6 GB Graphics/NVIDIA GeF...,"₹98,900",16 GB DDR5 RAM,Windows 11 Operating System,512 GB SSD,Intel Core i5 Processor (12th Gen),39.62 cm (15.6 Inch) Display
Acer Aspire 3 Intel Core i3 13th Gen 1305U - (8 GB/512 GB SSD/Windows 11 Home) A324-53 Thin and Light ...,"₹54,512",8 GB DDR4 RAM,64 bit Windows 11 Operating System,512 GB SSD,Intel Core i3 Processor (13th Gen),35.56 cm (14 Inch) Display
Lenovo Ultra 5 225U Intel Core Ultra 5 225U - (16 GB/1 TB SSD/Windows 11 Home) 21SKA0FTIG Laptop,"₹1,10,999",16 GB DDR5 RAM,Windows 11 Operating System,1 TB SSD,Intel Core Ultra 5 Processor,40.64 cm (16 inch) Display
HP 250R G10 (2025) (i3 14th Gen) Intel Core 3 14th Gen 100U - (8 GB/512 GB SSD/Windows 11 Home) 250R G...,"₹53,990",8 GB DDR4 RAM,64 bit Windows 11 Home Operating System,512 GB SSD,Intel Core 3 Processor (14th Gen),39.62 cm (15.6 Inch) Display
MSI Modern 14 Intel Core i3 13th Gen 1315U - (8 GB/512 GB SSD/Windows 11 Home) 14 C13M-115IN / 14 C13M...,"₹58,318",8 GB DDR4 RAM,Windows 11 Operating System,512 GB SSD,Intel Core i3 Processor (13th Gen),35.56 cm (14 Inch) Display
Lenovo IdeaPad Slim 5 Co-Pilot Next Gen AI PC Full Metal with 1Yr ADP Snapdragon X Plus - (16 GB/1 TB ...,"₹1,05,000",16 GB LPDDR5X RAM,Windows 11 Operating System,1 TB SSD,Snapdragon X Plus Processor,35.56 cm (14 Inch) Display
HP AMD Ryzen 5 Quad Core 7520U - (16 GB/512 GB SSD/Windows 11 Home) 15-fc0156AU / 15-fc0690AU Thin and...,"₹54,290",16 GB LPDDR5 RAM,Windows 11 Operating System,512 GB SSD,AMD Ryzen 5 Quad Core Processor,39.62 cm (15.6 Inch) Display
"ASUS Vivobook 14 Flip OLED (2026) with Touch Screen, Metallic Design, Intel Core Ultra 7 256V - (16 GB...","₹1,11,990",16 GB LPDDR5X RAM,Windows 11 Home Operating System,512 GB SSD,Intel Core Ultra 7 Processor,35.56 cm (14 inch) Touchscreen Display
Apple Macbook Neo A18 Pro(2026) A18 Pro - (8 GB/512 GB SSD/Tahoe) MHFE4HN/A,"₹89,900",8 GB Unified Memory RAM,Mac OS Operating System,512 GB SSD,Apple A18 Pro Processor,33.02 cm (13 inch) Display
DELL 15 Intel Core i5 13th Gen 1334U - (16 GB/512 GB SSD/Windows 11 Home) 3530 Thin and Light Laptop,"₹69,990",16 GB DDR4 RAM,64 bit Windows 11 Operating System,512 GB SSD,Intel Core i5 Processor (13th Gen),39.62 cm (15.6 Inch) Display
ASUS Vivobook 15 Intel Core i5 11th Gen 1135G7 - (8 GB/512 GB SSD/Windows 11 Home) X515EA-EJ522WS Thin...,"₹66,474",8 GB DDR4 RAM,64 bit Windows 11 Operating System,512 GB SSD,Intel Core i5 Processor (11th Gen),39.62 cm (15.6 Inch) Display
ASUS ExpertBook P1 (i7 14th Gen) with 1 Yr ADP Intel Core 7 240H - (32 GB/512 GB SSD/Windows 11 Home) ...,"₹99,828",32 GB DDR5 RAM,64 bit Windows 11 Home Operating System,512 GB SSD,Intel Core 7 Processor,35.56 cm (14 Inch) Display
Lenovo Legion 5 2025 AMD Ryzen 7 Octa Core 260 - (16 GB/1 TB SSD/Windows 11 Home/8 GB Graphics/NVIDIA ...,"₹1,86,490",16 GB DDR5 RAM,64 bit Windows 11 Home Operating System,1 TB SSD,AMD Ryzen 7 Octa Core Processor,38.86 cm (15.3 Inch) Display
"HP 15 Laptop with Backlit Keyboard & MSO'2024, AMD Ryzen 7 Octa Core 7730U - (16 GB/512 GB SSD/Windows...","₹79,990",16 GB DDR4 RAM,Windows 11 Home Operating System,512 GB SSD,AMD Ryzen 7 Octa Core Processor,39.62 cm (15.6 Inch) Display
"ASUS Vivobook S14 (2025) with Office 2024 + M365 Basic*, AI PC, Backlit Keyboard, Snapdragon X - (16 G...","₹72,787",16 GB LPDDR5X RAM,Windows 11 Home Operating System,512 GB SSD,Snapdragon X Processor,35.56 cm (14 inch) Display
DELL 15 (Previouly Inspiron) AMD Ryzen 5 Quad Core 7520U - (8 GB/512 GB SSD/Windows 11 Home) DC15255 /...,"₹55,990",8 GB LPDDR5 RAM,Windows 11 Operating System,512 GB SSD,AMD Ryzen 5 Quad Core Processor,38.1 cm (15 Inch) Display
DELL Inspiron 15 (2025) (Core i3 14th Gen) Intel Core 3 100U - (8 GB/512 GB SSD/Windows 11 Home) DC152...,"₹54,600",8 GB DDR4 RAM,Windows 11 Home Operating System,512 GB SSD,Intel Core 3 Processor,38.1 cm (15 Inch) Display
Neopticon BrowseBook Intel Celeron Dual Core N4020 - (4 GB/256 GB SSD/Windows 11 Home) BBN40425614 Lap...,"₹19,590",4 GB LPDDR4 RAM,64 bit Windows 11 Home Operating System,256 GB SSD,Intel Celeron Dual Core Processor,35.81 cm (14.1 Inch) Display
HP 15 (i3 14th Gen) Intel Core 3 100U - (16 GB/512 GB SSD/Windows 11 Home) 15-fd0885TU Thin and Light ...,"₹50,843",16 GB DDR4 RAM,Windows 11 Home Operating System,512 GB SSD,Intel Core 3 Processor,39.62 cm (15.6 inch) Display
Lenovo AMD Ryzen 7 7735HS - (16 GB/512 GB SSD/Windows 11 Home) 21M3S0QV00 Laptop,"₹99,000",16 GB DDR5 RAM,Windows 11 Operating System,512 GB SSD,AMD Ryzen 7 Processor,35.56 cm (14 inch) Display
Acer Aspire 3 Intel Celeron Dual Core N4500 - (12 GB/512 GB SSD/Windows 11 Home) A325-45 Thin and Ligh...,"₹45,000",12 GB LPDDR4X RAM,Windows 11 Operating System,512 GB SSD,Intel Celeron Dual Core Processor,39.62 cm (15.6 Inch) Display
"ASUS Vivobook 15 (2026) with Office 2024 + M365 Basic*, AMD Ryzen 7 Octa Core 170 - (16 GB/512 GB SSD/...","₹70,990",16 GB DDR5 RAM,Windows 11 Home Operating System,512 GB SSD,AMD Ryzen 7 Octa Core Processor,39.62 cm (15.6 inch) Display
Lenovo LOQ 2025 Intel Core i7 13th Gen 13700HX - (16 GB/1 TB SSD/Windows 11 Home/8 GB Graphics/NVIDIA ...,"₹1,62,090",16 GB DDR5 RAM,Windows 11 Home Operating System,1 TB SSD,Intel Core i7 Processor (13th Gen),39.62 cm (15.6 Inch) Display
"MICROSOFT Surface Pro 12"" with Type Cover & Pen Core 8 with Microsoft 365 for 6 Months* Snapdragon X P...","₹1,56,622",16 GB LPDDR5X RAM,64 bit Windows 11 Operating System,512 GB SSD,Snapdragon X Plus Processor,30.48 cm (12 inch) Touchscreen Display
Acer Aspire 3 Backlit AMD Ryzen 7 Octa Core 7730U - (16 GB/1 TB SSD/Windows 11 Home) A325-42 / AS15-42...,"₹75,999",16 GB DDR4 RAM,Windows 11 Operating System,1 TB SSD,AMD Ryzen 7 Octa Core Processor,39.62 cm (15.6 Inch) Display
ASUS Zenbook 14 Flip OLED Intel H-Series Intel Core i7 12th Gen 12700H - (16 GB/512 GB SSD/Windows 11 ...,"₹96,990",16 GB LPDDR5 RAM,Windows 11 Operating System,512 GB SSD,Intel Core i7 Processor (12th Gen),35.56 cm (14 Inch) Touchscreen Display
DELL 14 Plus Microsoft Office Home 2024 Intel Core Ultra 7 256V - (16 GB/512 GB SSD/Windows 11 Home) D...,"₹1,02,990",16 GB LPDDR5X RAM,Windows 11 Operating System,512 GB SSD,Intel Core Ultra 7 Processor,35.56 cm (14 Inch) Display
Acer Aspire 3 Intel Core i5 12th Gen - (8 GB/512 GB SSD/Windows 11 Home) A315-59-50CP Thin and Light L...,"₹54,990",8 GB DDR4 RAM,64 bit Windows 11 Operating System,512 GB SSD,Intel Core i5 Processor (12th Gen),39.62 cm (15.6 inch) Display
Lenovo Ultra 5 225U Intel Core Ultra 5 225U - (16 GB/1 TB SSD/Windows 11 Home) 21SKA0FTIG Laptop,"₹1,10,999",16 GB DDR5 RAM,Windows 11 Operating System,1 TB SSD,Intel Core Ultra 5 Processor,40.64 cm (16 inch) Display
Acer Aspire 3 Intel Celeron Dual Core - (8 GB/256 GB SSD/Windows 11 Home) A311-45 Thin and Light Lapto...,"₹33,990",8 GB DDR4 RAM,64 bit Windows 11 Home Operating System,256 GB SSD,Intel Celeron Dual Core Processor,29.46 cm (11.6 Inch) Display
ASUS Chromebook CX14 Intel Celeron Dual Core N50 - (4 GB/128 GB EMMC Storage/Chrome OS) CX1405CTA-S606...,"₹30,990",4 GB LPDDR5 RAM,Chrome Operating System,,Intel Celeron Dual Core Processor,35.56 cm (14 inch) Display
ASUS VivoBook Ultra AMD Ryzen 5 Hexa Core 5500U - (8 GB/512 GB SSD/Windows 10 Home) KM413UA-EB502TS Th...,"₹73,990",8 GB DDR4 RAM,64 bit Windows 10 Operating System,512 GB SSD,AMD Ryzen 5 Hexa Core Processor,35.56 cm (14 Inch) Display
Lenovo IdeaPad Slim 3 Intel Core i3 13th Gen 1315U - (8 GB/512 GB SSD/Windows 11 Home) IdeaPad Slim 3 ...,"₹54,990",8 GB LPDDR5 RAM,Windows 11 Home Operating System,512 GB SSD,Intel Core i3 Processor (13th Gen),39.62 cm (15.6 inch) Display
DELL G15 Microsoft Office Home 2024 Intel Core i5 13th Gen 13450HX - (16 GB/1 TB SSD/Windows 11 Home/6...,"₹1,10,990",16 GB DDR5 RAM,Windows 11 Operating System,1 TB SSD,Intel Core i5 Processor (13th Gen),39.62 cm (15.6 Inch) Display
ASUS TUF Gaming F17 - AI Powered Gaming Intel Core i5 11th Gen 11400H - (16 GB/512 GB SSD/Windows 11 H...,"₹50,990",16 GB DDR4 RAM,64 bit Windows 11 Operating System,512 GB SSD,Intel Core i5 Processor (11th Gen),43.94 cm (17.3 Inch) Display
Samsung Galaxy Book6 Pro Intel Core Ultra X7 Series 3 358H - (32 GB/1 TB SSD/Windows 11 Home) NP940XJG...,"₹2,14,990",32 GB LPDDR5X RAM,64 bit Windows 11 Home Operating System,1 TB SSD,Intel Core Ultra X7 Processor (Series 3),35.56 cm (14 inch) Touchscreen Display
Acer Aspire 14 Office 2024 + M365 Basic Intel Core i7 13th Gen 13620H - (16 GB/512 GB SSD/Windows 11 H...,"₹84,999",16 GB LPDDR5 RAM,64 bit Windows 11 Home Operating System,512 GB SSD,Intel Core i7 Processor (13th Gen),35.56 cm (14 Inch) Display
HP Victus Intel Core i5 13th Gen 13420 H - (16 GB/512 GB SSD/Windows 11 Home/6 GB Graphics/NVIDIA GeFo...,"₹97,599",16 GB DDR4 RAM,Windows 11 Home Operating System,512 GB SSD,Intel Core i5 Processor (13th Gen),39.62 cm (15.6 Inch) Display
Primebook S Wifi MediaTek MT8183 - (4 GB/128 GB EMMC Storage/Prime OS) PB S Wifi Thin and Light Laptop,"₹14,500",4 GB LPDDR4 RAM,Android Operating System,,MediaTek MT8183 Processor,29.46 cm (11.6 Inch) Display
ASUS Intel Core i5 13th Gen 1335U - (16 GB/512 GB SSD/Windows 11 Pro) B3404CVAB-Q50884X Thin and Light...,"₹78,999",16 GB DDR5 RAM,Windows 11 Operating System,512 GB SSD,Intel Core i5 Processor (13th Gen),35.56 cm (14 Inch) Display
ASUS Vivobook Go 15 (2026) with Office 2024 + M365 Basic* AMD Ryzen 5 40 - (16 GB/512 GB SSD/Windows 1...,"₹69,990",16 GB LPDDR5 RAM,Windows 11 Home Operating System,512 GB SSD,AMD Ryzen 5 Processor,39.62 cm (15.6 inch) Display
Acer Swift Neo Intel Core Ultra 5 125H - (8 GB/512 GB SSD/Windows 11 Home) SFN14-55 Notebook,"₹70,990",8 GB LPDDR5 RAM,64 bit Windows 11 Home Operating System,512 GB SSD,Intel Core Ultra 5 Processor,35.56 cm (14 inch) Display
Lenovo Legion Pro 5 WQXGA OLED Intel Core Ultra 7 255HX - (32 GB/1 TB SSD/Windows 11 Home/8 GB Graphic...,"₹2,28,490",32 GB DDR5 RAM,Windows 11 Home Operating System,1 TB SSD,Intel Core Ultra 7 Processor,40.64 cm (16 inch) Display
Samsung Galaxy Book3 360 EVO AMOLED Intel Core i7 13th Gen 1355U - (16 GB/1 TB SSD/Windows 11 Home) NP...,"₹1,47,926",16 GB DDR4X RAM,Windows 11 Operating System,1 TB SSD,Intel Core i7 Processor (13th Gen),33.78 cm (13.3 Inch) Touchscreen Display
MSI Modern 15 Intel Core i7 12th Gen 1255U - (16 GB/1 TB SSD/Windows 11 Home) Modern 15 B12MO-1050IN B...,"₹64,990",16 GB DDR4 RAM,Windows 11 Operating System,1 TB SSD,Intel Core i7 Processor (12th Gen),38.1 cm (15 Inch) Display
DELL 16 14 Microsoft Office Home 2024 AMD Ryzen AI 5 Hexa Core 340 AI - (16 GB/512 GB SSD/Windows 11 H...,"₹72,490",16 GB LPDDR5X RAM,Windows 11 Operating System,512 GB SSD,AMD Ryzen AI 5 Hexa Core Processor,40.64 cm (16 Inch) Display
Acer Aspire 14 AMD Ryzen 5 3500U - (8 GB/512 GB SSD/Windows 11 Home) AS14-39 Notebook,"₹59,991",8 GB DDR4 RAM,64 bit Windows 11 Home Operating System,512 GB SSD,AMD Ryzen 5 Processor,35.56 cm (14 inch) Display
ASUS ROG Strix G16 (2025) with Office 2024 + M365 Basic* AMD Ryzen 9 16 Core 8940HX - (16 GB/1 TB SSD/...,"₹1,98,999",16 GB DDR5 RAM,Windows 11 Home Operating System,1 TB SSD,AMD Ryzen 9 16 Core Processor,40.64 cm (16 Inch) Display
HP 15s Metal Intel Core i3 13th Gen 1315U - (8 GB/512 GB SSD/Windows 11 Home) 15-hr0005TU Thin and Lig...,"₹58,990",8 GB DDR4 RAM,Windows 11 Home Operating System,512 GB SSD,Intel Core i3 Processor (13th Gen),39.62 cm (15.6 inch) Display
Acer Aspire 3 AMD Ryzen 3 5300U - (8 GB/256 GB SSD/Windows 11 Home) A325-42 Notebook,"₹39,990",8 GB DDR4 RAM,64 bit Windows 11 Home Operating System,256 GB SSD,AMD Ryzen 3 Processor,39.62 cm (15.6 inch) Display
Lenovo LOQ Intel Core i5 12th Gen 12450H - (16 GB/512 GB SSD/Windows 11 Home/8 GB Graphics/NVIDIA GeFo...,"₹93,990",16 GB DDR5 RAM,Windows 11 Operating System,512 GB SSD,Intel Core i5 Processor (12th Gen),39.62 cm (15.6 Inch) Display
Lenovo LOQ Intel Core i7 13th Gen 13645HX - (16 GB/1 TB SSD/Windows 11 Home/8 GB Graphics/NVIDIA GeFor...,"₹1,77,990",16 GB DDR5 RAM,Windows 11 Home Operating System,1 TB SSD,Intel Core i7 Processor (13th Gen),39.62 cm (15.6 inch) Display
Lenovo Ultra 5 225U Intel Core Ultra 5 225U - (16 GB/1 TB SSD/Windows 11 Home) 21SKA0FTIG Laptop,"₹1,10,999",16 GB DDR5 RAM,Windows 11 Operating System,1 TB SSD,Intel Core Ultra 5 Processor,40.64 cm (16 inch) Display
Acer Nitro V 15 (i5 14th Gen) Intel Core 5 210H - (16 GB/512 GB SSD/Windows 11 Home/6 GB Graphics/NVID...,"₹1,06,999",16 GB DDR5 RAM,64 bit Windows 11 Home Operating System,512 GB SSD,Intel Core 5 Processor,39.62 cm (15.6 Inch) Display
ASUS VivoBook 14 Intel Core i3 11th Gen 1115G4 - (8 GB/256 GB SSD/Windows 11 Home) X415EA-EK342WS Thin...,"₹50,990",8 GB DDR4 RAM,64 bit Windows 11 Operating System,256 GB SSD,Intel Core i3 Processor (11th Gen),35.56 cm (14 Inch) Display
Acer Predator Helios 16 Intel Core i7 14th Gen 14700HX - (16 GB/1 TB SSD/Windows 11 Home/8 GB Graphics...,"₹1,88,990",16 GB DDR5 RAM,Windows 11 Operating System,1 TB SSD,Intel Core i7 Processor (14th Gen),40.64 cm (16 Inch) Display
Acer Aspire 3 Intel Core i3 12th Gen 1215U - (8 GB/512 GB SSD/Windows 11 Home) A315-59-36HE Thin and L...,"₹54,647",8 GB DDR4 RAM,Windows 11 Operating System,512 GB SSD,Intel Core i3 Processor (12th Gen),39.62 cm (15.6 Inch) Display
Lenovo IdeaPad Slim 3 15ABR8 AMD Ryzen 5 Hexa Core 5625U - (16 GB/512 GB SSD/Windows 11 Home) 82XM00QD...,"₹61,890",16 GB DDR4 RAM,Windows 11 Home Operating System,512 GB SSD,AMD Ryzen 5 Hexa Core Processor,39.62 cm (15.6 Inch) Display
ASUS Vivobook Ultra 14 Intel Core i3 10th Gen 1005G1 - (4 GB/512 GB SSD/Windows 11 Home) X413JA-EK267T...,"₹49,990",4 GB DDR4 RAM,64 bit Windows 11 Home Operating System,512 GB SSD,Intel Core i3 Processor (10th Gen),35.56 cm (14 Inch) Display
HP 14 AI PC Intel Core Ultra 7 155H - (16 GB/1 TB SSD/Windows 11 Home) 14-ep1152TU Thin and Light Lapt...,"₹90,900",16 GB DDR5 RAM,Windows 11 Home Operating System,1 TB SSD,Intel Core Ultra 7 Processor,35.56 cm (14 Inch) Display
Lenovo V 15 (2025) AMD Ryzen 5 Quad Core 7520U - (16 GB/512 GB SSD/Windows 11 Home) V 15 Thin and Ligh...,"₹59,990",16 GB LPDDR5 RAM,64 bit Windows 11 Home Operating System,512 GB SSD,AMD Ryzen 5 Quad Core Processor,39.62 cm (15.6 Inch) Display
MSI Modern 14 Intel Core i5 13th Gen 1334U - (16 GB/512 GB SSD/Windows 11 Home) Modern 14 C13M-116IN T...,"₹52,990",16 GB DDR4 RAM,64 bit Windows 11 Operating System,512 GB SSD,Intel Core i5 Processor (13th Gen),35.56 cm (14 Inch) Display
Acer Aspire Lite Intel Core i7 12th Gen 12650H - (16 GB/512 GB SSD/Windows 11 Home) AL15-52H Thin and ...,"₹64,990",16 GB LPDDR5 RAM,64 bit Windows 11 Home Operating System,512 GB SSD,Intel Core i7 Processor (12th Gen),39.62 cm (15.6 Inch) Display
HP Pavilion Plus AI PC Intel Core Ultra 5 125H - (16 GB/512 GB SSD/Windows 11 Home) 14-ew1082TU Thin a...,"₹98,999",16 GB LPDDR5X RAM,Windows 11 Operating System,512 GB SSD,Intel Core Ultra 5 Processor,35.56 cm (14 Inch) Display
ASUS TUF Gaming A15 (2025) AMD Ryzen 7 7445HS - (16 GB/512 GB SSD/Windows 11 Home/4 GB Graphics/NVIDIA...,"₹73,990",16 GB DDR5 RAM,Windows 11 Home Operating System,512 GB SSD,AMD Ryzen 7 Processor,39.62 cm (15.6 Inch) Display
HP EliteBook 845 G11 AMD Ryzen 5 8540U - (16 GB/512 GB SSD/Windows 11 Pro) EliteBook 845 G11 Business ...,"₹94,995",16 GB DDR5 RAM,64 bit Windows 11 Operating System,512 GB SSD,AMD Ryzen 5 Processor,35.56 cm (14 Inch) Display
DELL PRO 15 Backlit (2025) AMD Ryzen 5 Quad Core 7520U - (8 GB/512 GB SSD/Windows 11 Home) PRO 15 Thin...,"₹52,999",8 GB LPDDR5 RAM,64 bit Windows 11 Home Operating System,512 GB SSD,AMD Ryzen 5 Quad Core Processor,39.62 cm (15.6 Inch) Display
ASUS Expertbook P3 Metal High-performance processor Intel Core i7 13th Gen 13620H - (32 GB/1 TB SSD/Wi...,"₹1,05,000",32 GB DDR5 RAM,Windows 11 Home Operating System,1 TB SSD,Intel Core i7 Processor (13th Gen),35.56 cm (14 inch) Display
Acer Acer One 14 AMD Ryzen 3 Quad Core 7320U - (8 GB/512 GB SSD/Windows 11 Home) A114-43 Thin and Lig...,"₹45,820",8 GB LPDDR5 RAM,Windows 11 Operating System,512 GB SSD,AMD Ryzen 3 Quad Core Processor,35.56 cm (14 Inch) Display
DELL 15 (Previously Inspiron) AI Powered Intel Core Ultra 5 225H - (16 GB/512 GB SSD/Windows 11 Home) ...,"₹87,990",16 GB DDR5 RAM,Windows 11 Home Operating System,512 GB SSD,Intel Core Ultra 5 Processor,39.62 cm (15.6 inch) Display
Acer Aspire Intel Core i5 12th Gen 12450H - (16 GB/512 GB SSD/Windows 11 Home) AL15-52H Thin and Light...,"₹68,900",16 GB LPDDR5 RAM,Windows 11 Home Operating System,512 GB SSD,Intel Core i5 Processor (12th Gen),39.62 cm (15.6 Inch) Display
ASUS ExpertBook Ultra Copilot+ PC Intel Core Ultra X7 358H - (32 GB/1 TB SSD/Windows 11 Home) B9406CAA...,"₹2,72,990",32 GB LPDDR5X RAM,Windows 11 Home Operating System,1 TB SSD,Intel Core Ultra X7 Processor,35.56 cm (14 inch) Touchscreen Display
HP 15s Intel Core i3 12th Gen 1215U - (8 GB/512 GB SSD/Windows 11 Home) 15-fd0752TU /15s-fy5003TU Thin...,"₹52,400",8 GB DDR4 RAM,64 bit Windows 11 Operating System,512 GB SSD,Intel Core i3 Processor (12th Gen),39.62 cm (15.6 Inch) Display
Lenovo IdeaPad Slim 1 AMD Ryzen 5 Hexa Core 5500U - (8 GB/512 GB SSD/Windows 11 Home) 15ACL6 | 15ALC7 ...,"₹59,795",8 GB DDR4 RAM,64 bit Windows 11 Operating System,512 GB SSD,AMD Ryzen 5 Hexa Core Processor,39.62 cm (15.6 Inch) Display
HP Intel Core i7 13th Gen 13620H - (16 GB/512 GB SSD/Windows 11 Home) 15-fr0046TU Thin and Light Lapto...,"₹87,500",16 GB DDR4 RAM,Windows 11 Home Operating System,512 GB SSD,Intel Core i7 Processor (13th Gen),39.62 cm (15.6 inch) Display
HP Pavilion Intel Core i5 13th Gen 1335U - (16 GB/1 TB SSD/Windows 11 Home) 15-eg3018TU Thin and Light...,"₹77,002",16 GB DDR4 RAM,Windows 11 Operating System,1 TB SSD,Intel Core i5 Processor (13th Gen),39.62 cm (15.6 inch) Display
Lenovo AMD Ryzen 5 Quad Core - (16 GB/512 GB SSD/Windows 11 Home) V15 Thin and Light Laptop,"₹60,900",16 GB DDR4 RAM,Windows 11 Operating System,512 GB SSD,AMD Ryzen 5 Quad Core Processor,39.62 cm (15.6 inch) Display
ASUS Vivobook 16 (2025) with MSO 2024 + M365 Basic* AMD Ryzen 5 Hexa Core - (16 GB/512 GB SSD/Windows ...,"₹72,990",16 GB DDR5 RAM,Windows 11 Home Operating System,512 GB SSD,AMD Ryzen 5 Hexa Core Processor,40.64 cm (16 inch) Display
Lenovo Ultra 5 225U Intel Core Ultra 5 225U - (16 GB/1 TB SSD/Windows 11 Home) 21SKA0FTIG Laptop,"₹1,10,999",16 GB DDR5 RAM,Windows 11 Operating System,1 TB SSD,Intel Core Ultra 5 Processor,40.64 cm (16 inch) Display
WarnerCann Hi5 pro Intel Core i5 12th Gen - (8 GB/256 GB SSD/Windows 11 Pro) Hi5 Pro Business Laptop B...,"₹32,944",8 GB DDR4 RAM,Windows 11 Operating System,256 GB SSD,Intel Core i5 Processor (12th Gen),35.56 cm (14 Inch) Display
DELL Inspiron 5440 (2026) (i3 14th Gen) Intel Core 3 14th Gen 100U - (8 GB/512 GB SSD/Windows 11 Home)...,"₹54,980",8 GB DDR5 RAM,64 bit Windows 11 Home Operating System,512 GB SSD,Intel Core 3 Processor (14th Gen),35.56 cm (14 inch) Display
Acer Aspire AMD Ryzen 5 Hexa Core 7430U - (16 GB/1 TB SSD/Windows 11 Home) AS15-42 Thin and Light Lapt...,"₹74,500",16 GB DDR4 RAM,64 bit Windows 11 Home Operating System,1 TB SSD,AMD Ryzen 5 Hexa Core Processor,39.62 cm (15.6 Inch) Display
ASUS Vivobook 15 (2025) with Office 2024 + M365 Basic* Intel Core i5 14th Gen 120U - (16 GB/512 GB SSD...,"₹68,806",16 GB DDR4 RAM,Windows 11 Home Operating System,512 GB SSD,Intel Core i5 Processor (14th Gen),39.62 cm (15.6 inch) Display
Acer Aspire 3 Intel Core i3 12th Gen - (8 GB/512 GB SSD/Windows 11 Home) A315-59 Thin and Light Laptop,"₹47,990",8 GB DDR4 RAM,64 bit Windows 11 Operating System,512 GB SSD,Intel Core i3 Processor (12th Gen),39.62 cm (15.6 Inch) Display
ASUS Expertbook P3 Metal High-performance processor Intel Core i5 13th Gen 13420H - (16 GB/512 GB SSD/...,"₹85,660",16 GB DDR5 RAM,Windows 11 Home Operating System,512 GB SSD,Intel Core i5 Processor (13th Gen),35.56 cm (14 inch) Display
Lenovo LOQ AMD Ryzen 7 Octa Core 7435HS - (24 GB/512 GB SSD/Windows 11 Home/8 GB Graphics/NVIDIA GeFor...,"₹1,04,290",24 GB DDR5 RAM,64 bit Windows 11 Operating System,512 GB SSD,AMD Ryzen 7 Octa Core Processor,39.62 cm (15.6 Inch) Display
HP Pavilion Aero AMD Ryzen 5 Hexa Core 7535U - (16 GB/512 GB SSD/Windows 11 Home) 13-BE2056AU Thin and...,"₹85,290",16 GB LPDDR5 RAM,Windows 11 Operating System,512 GB SSD,AMD Ryzen 5 Hexa Core Processor,33.78 cm (13.3 Inch) Display
Samsung Galaxy Book6 Intel Core Ultra 7 Series 3 355 - (16 GB/1 TB SSD/Windows 11 Home) NP760XJG Thin ...,"₹1,46,990",16 GB LPDDR5X RAM,64 bit Windows 11 Home Operating System,1 TB SSD,Intel Core Ultra 7 Processor (Series 3),40.64 cm (16 inch) Touchscreen Display
HP 15 Intel Core i5 13th Gen 1335U - (16 GB/512 GB SSD/Windows 11 Home) 15-fd0576TU / 15-fd0467TU Thin...,"₹79,990",16 GB DDR4 RAM,Windows 11 Home Operating System,512 GB SSD,Intel Core i5 Processor (13th Gen),39.62 cm (15.6 Inch) Display
ASUS Intel Core N Intel Processor N50 - (8 GB/128 GB EMMC Storage/Chrome OS) CX1405CTA-S60622 Chromebo...,"₹34,999",8 GB LPDDR5 RAM,Chrome Operating System,,Intel Core N Processor,35.56 cm (14 inch) Display
Acer Aspire Intel Core i5 12th Gen - (12 GB/512 GB SSD/Windows 11 Home) AL15-52H Thin and Light Laptop,"₹61,990",12 GB LPDDR5 RAM,Windows 11 Home Operating System,512 GB SSD,Intel Core i5 Processor (12th Gen),39.62 cm (15.6 inch) Display
ASUS Vivobook Go 15 AMD Ryzen 5 Quad Core 7520U - (8 GB/512 GB SSD/Windows 11 Home) E1504FA-NJ133WS | ...,"₹46,990",8 GB LPDDR5 RAM,64 bit Windows 11 Operating System,512 GB SSD,AMD Ryzen 5 Quad Core Processor,39.62 cm (15.6 Inch) Display
Lenovo Idea Pad Slim 3 Intel Core i7 13th Gen 13620H - (16 GB/512 GB SSD/Windows 11 Home) 83K100C9IN T...,"₹79,211",16 GB DDR5 RAM,Windows 11 Home Operating System,512 GB SSD,Intel Core i7 Processor (13th Gen),38.86 cm (15.3 Inch) Display
MSI Cyborg 15 Intel Core i5 12th Gen 12450H - (16 GB/512 GB SSD/Windows 11 Home/4 GB Graphics/NVIDIA G...,"₹89,990",16 GB DDR5 RAM,64 bit Windows 11 Operating System,512 GB SSD,Intel Core i5 Processor (12th Gen),39.62 cm (15.6 Inch) Display
Apple Macbook Neo A18 Pro(2026) A18 Pro - (8 GB/512 GB SSD/Tahoe) MHFC4HN/A,"₹89,900",8 GB Unified Memory RAM,Mac OS Operating System,512 GB SSD,Apple A18 Pro Processor,33.02 cm (13 inch) Display
DELL 14 Microsoft Office Home 2024 Intel Core Ultra 7 256V - (16 GB/512 GB SSD/Windows 11 Home) DB0425...,"₹1,02,990",16 GB LPDDR5X RAM,Windows 11 Operating System,512 GB SSD,Intel Core Ultra 7 Processor,35.56 cm (14 $Inch) Touchscreen Display
HP G10 AMD Ryzen 5 Quad Core 7520U - (8 GB/512 GB SSD/Windows 11 Home) 245 G10 Thin and Light Laptop,"₹56,990",8 GB DDR4 RAM,32 bit Windows 11 Home Operating System,512 GB SSD,AMD Ryzen 5 Quad Core Processor,35.56 cm (14 Inch) Display
DELL 14 (i5 14th Gen) Intel Core 5 210H - (16 GB/512 GB SSD/Windows 11 Home) 7440 / Inspiron 14 Plus T...,"₹81,646",16 GB LPDDR5X RAM,Windows 11 Operating System,512 GB SSD,Intel Core 5 Processor,35.56 cm (14 Inch) Display
Lenovo Ultra 5 225U Intel Core Ultra 5 225U - (16 GB/1 TB SSD/Windows 11 Home) 21SKA0FTIG Laptop,"₹1,10,999",16 GB DDR5 RAM,Windows 11 Operating System,1 TB SSD,Intel Core Ultra 5 Processor,40.64 cm (16 inch) Display
HP Pavilion Intel Core i5 13th Gen 1335U - (16 GB/1 TB SSD/Windows 11 Home) 15-eg3018TU Thin and Light...,"₹82,990",16 GB DDR4 RAM,Windows 11 Operating System,1 TB SSD,Intel Core i5 Processor (13th Gen),39.62 cm (15.6 Inch) Display
"ASUS Vivobook 16 (2025), Copilot + PC with Backlit Keyboard, AI PC Intel Snapdragon X - (16 GB/512 GB ...","₹66,411",16 GB LPDDR5X RAM,64 bit Windows 11 Home Operating System,512 GB SSD,Intel Snapdragon X Processor,40.64 cm (16 Inch) Display
HP 15s Intel Core i3 13th Gen 1315U - (8 GB/512 GB SSD/Windows 11 Home) 15-fd0006TU / 15-fd0569TU Thin...,"₹53,990",8 GB DDR4 RAM,64 bit Windows 11 Operating System,512 GB SSD,Intel Core i3 Processor (13th Gen),39.62 cm (15.6 Inch) Display
ASUS Vivobook 15 (2026) Intel Core 3 100U - (8 GB/512 GB SSD/Windows 11 Home) X1504VAP-IN006WS Thin an...,"₹52,990",8 GB DDR4 RAM,Windows 11 Home Operating System,512 GB SSD,Intel Core 3 Processor,39.62 cm (15.6 inch) Display
Lenovo IdeaPad Slim 1 AMD Ryzen 5 Hexa Core 5500U - (16 GB/512 GB SSD/Windows 11 Home) 15ALC7 / 15ALC6...,"₹63,795",16 GB DDR4 RAM,64 bit Windows 11 Operating System,512 GB SSD,AMD Ryzen 5 Hexa Core Processor,39.62 cm (15.6 Inch) Display
ASUS Vivobook Go 14 (2026) with Office 2024 + M365 Basic AMD Ryzen 3 Quad Core 30 - (8 GB/512 GB SSD/W...,"₹54,100",8 GB LPDDR5 RAM,Windows 11 Home Operating System,512 GB SSD,AMD Ryzen 3 Quad Core Processor,35.56 cm (14 inch) Display
Acer Aspire Lite Intel Core i3 13th Gen 1305U - (8 GB/512 GB SSD/Windows 11 Home) AL15-53 Thin and Lig...,"₹48,490",8 GB DDR4 RAM,Windows 11 Operating System,512 GB SSD,Intel Core i3 Processor (13th Gen),39.62 cm (15.6 inch) Display
ASUS Vivobook (i5 14th Gen) Intel Core 5 120U - (16 GB/512 GB SSD/Windows 11 Home) X1504VAP-BQ1542WS T...,"₹88,999",16 GB DDR5 RAM,64 bit Windows 11 Home Operating System,512 GB SSD,Intel Core 5 Processor,39.62 cm (15.6 Inch) Display
DELL 15 (Core i3 14th Gen) Intel Core 3 - (16 GB/512 GB SSD/Windows 11 Home) DC15250 Thin and Light La...,"₹60,720",16 GB DDR4 RAM,Windows 11 Operating System,512 GB SSD,Intel Core 3 Processor,38.1 cm (15 Inch) Display
Lenovo Yoga Slim 7 Ultra 7 155H WUXGA OLED Intel Core Ultra 7 155H - (16 GB/1 TB SSD/Windows 11 Home) ...,"₹1,58,900",16 GB LPDDR5X RAM,Windows 11 Operating System,1 TB SSD,Intel Core Ultra 7 Processor,35.56 cm (14 Inch) Display
"ASUS Gaming V16 (2025) for Creator with Office 2024 + M365 Basic*, AI PC(i7 14th gen) Intel Core 7 240...","₹1,19,990",16 GB DDR5 RAM,Windows 11 Home Operating System,512 GB SSD,Intel Core 7 Processor,40.64 cm (16 Inch) Display
"ASUS Vivobook 15, Backlit Keyboard, Intel Core i3 13th Gen 1315U - (12 GB/512 GB SSD/Windows 11 Home) ...","₹52,990",12 GB DDR4 RAM,64 bit Windows 11 Operating System,512 GB SSD,Intel Core i3 Processor (13th Gen),39.62 cm (15.6 inch) Display
ASUS TUF Gaming A15 (2025) AMD Ryzen 7 Hexa Core 7445HS - (16 GB/512 GB SSD/Windows 11 Home/4 GB Graph...,"₹1,08,999",16 GB DDR5 RAM,Windows 11 Home Operating System,512 GB SSD,AMD Ryzen 7 Hexa Core Processor,39.62 cm (15.6 Inch) Display
Acer Aspire 3 Intel Core i3 12th Gen 1215U - (8 GB/512 GB SSD/Windows 11 Home) A325-51 Thin and Light ...,"₹47,990",8 GB DDR4 RAM,64 bit Windows 11 Home Operating System,512 GB SSD,Intel Core i3 Processor (12th Gen),39.62 cm (15.6 Inch) Display
DELL 14 Microsoft Office Home 2024 AMD Ryzen AI 7 Octa Core 350 AI - (16 GB/1 TB SSD/Windows 11 Home) ...,"₹1,07,083",16 GB LPDDR5X RAM,Windows 11 Operating System,1 TB SSD,AMD Ryzen AI 7 Octa Core Processor,35.56 cm (14 Inch) Display
Acer Aspire Intel Core i5 13th Gen - (16 GB/512 GB SSD/Windows 11 Home) UN.347SI.005 Thin and Light La...,"₹64,900",16 GB LPDDR5 RAM,64 bit Windows 11 Home Operating System,512 GB SSD,Intel Core i5 Processor (13th Gen),2.54 cm (1 inch) Display
Lenovo IdeaPad Intel Core i5 13th Gen 13420H - (16 GB/512 GB SSD/Windows 11 Home) 83K100C6IN Thin and ...,"₹74,900",16 GB DDR5 RAM,Windows 11 Operating System,512 GB SSD,Intel Core i5 Processor (13th Gen),38.86 cm (15.3 Inch) Display
Acer Predator Helios Neo 16S AI Intel Core Ultra 7 255 HX - (16 GB/1 TB SSD/Windows 11 Home/8 GB Graph...,"₹1,85,000",16 GB DDR5 RAM,64 bit Windows 11 Home Operating System,1 TB SSD,Intel Core Ultra 7 Processor,40.64 cm (16 Inch) Display
ASUS Chromebook CX15 Intel Celeron Dual Core N50 - (4 GB/128 GB EMMC Storage/Chrome OS) CX1505CTA-S702...,"₹32,985",4 GB LPDDR5 RAM,Chrome Operating System,,Intel Celeron Dual Core Processor,39.62 cm (15.6 inch) Display
ASUS Expertbook AMD Ryzen 5 Hexa Core 150 - (16 GB/512 GB SSD/Windows 11 Home) PM1403CDA-S60409WS Lapt...,"₹67,990",16 GB DDR5 RAM,Windows 11 Home Operating System,512 GB SSD,AMD Ryzen 5 Hexa Core Processor,35.56 cm (14 inch) Display
HP Victus Intel Core i5 13th Gen 13420H - (16 GB/512 GB SSD/Windows 11 Home/6 GB Graphics/NVIDIA GeFor...,"₹1,04,990",16 GB DDR4 RAM,Windows 11 Home Operating System,512 GB SSD,Intel Core i5 Processor (13th Gen),39.62 cm (15.6 Inch) Display
Acer Aspire 3 Intel Core i5 13th Gen 1334U - (16 GB/512 GB SSD/Windows 11 Home) A324-53 Thin and Light...,"₹49,990",16 GB DDR4 RAM,Windows 11 Operating System,512 GB SSD,Intel Core i5 Processor (13th Gen),35.56 cm (14 Inch) Display
"ASUS Vivobook 14 (2025) with Office 2024 + M365 Basic*, Backlit Keyboard, Intel Core i3 13th Gen 1315U...","₹59,499",8 GB DDR4 RAM,Windows 11 Home Operating System,512 GB SSD,Intel Core i3 Processor (13th Gen),35.56 cm (14 Inch) Display
Lenovo Ultra 5 225U Intel Core Ultra 5 225U - (16 GB/1 TB SSD/Windows 11 Home) 21SKA0FTIG Laptop,"₹1,10,999",16 GB DDR5 RAM,Windows 11 Operating System,1 TB SSD,Intel Core Ultra 5 Processor,40.64 cm (16 inch) Display
Lenovo LOQ 2025 Intel Core i7 13th Gen 13645HX - (16 GB/1 TB SSD/Windows 11 Home/8 GB Graphics/NVIDIA ...,"₹1,77,990",16 GB DDR5 RAM,Windows 11 Home Operating System,1 TB SSD,Intel Core i7 Processor (13th Gen),39.62 cm (15.6 inch) Display
Lenovo IdeaPad Slim 3 Intel Core i5 13th Gen 13420H - (16 GB/512 GB SSD/Windows 11 Home) 15IRH8 Thin a...,"₹73,990",16 GB LPDDR5 RAM,64 bit Windows 11 Operating System,512 GB SSD,Intel Core i5 Processor (13th Gen),39.62 cm (15.6 Inch) Display
Lenovo LOQ Intel Core i5 12th Gen 12450H - (16 GB/512 GB SSD/Windows 11 Home/4 GB Graphics/NVIDIA GeFo...,"₹95,900",16 GB DDR5 RAM,Windows 11 Operating System,512 GB SSD,Intel Core i5 Processor (12th Gen),39.62 cm (15.6 Inch) Display
ASUS Chromebook Intel Celeron Dual Core N4500 - (4 GB/64 GB EMMC Storage/Chrome OS) CX1500CKA-NJ0393 C...,"₹28,490",4 GB LPDDR4X RAM,64 bit Chrome Operating System,,Intel Celeron Dual Core Processor,39.62 cm (15.6 Inch) Display
HP OMEN Intel Core i7 14th Gen 14650HX - (16 GB/1 TB SSD/Windows 11 Home/8 GB Graphics/NVIDIA GeForce ...,"₹1,53,890",16 GB DDR5 RAM,Windows 11 Operating System,1 TB SSD,Intel Core i7 Processor (14th Gen),40.89 cm (16.1 Inch) Display
ASUS ROG Strix G16 (2025) with Office 2024 + M365 Basic* AMD Ryzen 9 16 Core 8940HX - (16 GB/1 TB SSD/...,"₹2,89,990",16 GB DDR5 RAM,Windows 11 Home Operating System,1 TB SSD,AMD Ryzen 9 16 Core Processor,40.64 cm (16 Inch) Display
Lenovo IdeaPad Slim 3 Intel Core i3 12th Gen 1215U - (8 GB/512 GB SSD/Windows 11 Home) 14IAU7 Thin and...,"₹39,572",8 GB DDR4 RAM,Windows 11 Operating System,512 GB SSD,Intel Core i3 Processor (12th Gen),35.56 cm (14 Inch) Display
ASUS Chromebook CX1 Intel Celeron Dual Core N4500 - (8 GB/64 GB EMMC Storage/Chrome OS) CX1500CKA-NJ04...,"₹38,499",8 GB LPDDR4X RAM,Chrome Operating System,,Intel Celeron Dual Core Processor,39.62 cm (15.6 Inch) Display
Acer Aspire 3 AMD Ryzen 3 Quad Core - (8 GB/512 GB SSD/Windows 11 Home) Aspire Thin and Light Laptop,"₹45,990",8 GB DDR4 RAM,Windows 11 Operating System,512 GB SSD,AMD Ryzen 3 Quad Core Processor,39.62 cm (15.6 Inch) Display
HP Pavilion 14 Touchscreen Intel Core i5 12th Gen 1235U - (16 GB/512 GB SSD/Windows 11 Home) Pavilion ...,"₹85,990",16 GB DDR4 RAM,64 bit Windows 11 Operating System,512 GB SSD,Intel Core i5 Processor (12th Gen),35.56 cm (14 Inch) Touchscreen Display
Jio MediaTek MT8788 - (4 GB/64 GB EMMC Storage/Android 11) NB1112MMBLU Laptop,"₹16,990",4 GB LPDDR4X RAM,JioOS Operating System,,MediaTek MT8788 Processor,29.46 cm (11.6 Inch) Display
Lenovo Legion 5 Intel Core i7 13650HX - (16 GB/512 GB SSD/Windows 11 Home/8 GB Graphics/NVIDIA GeForce...,"₹1,69,990",16 GB DDR5 RAM,Windows 11 Home Operating System,512 GB SSD,Intel Core i7 Processor,38.86 cm (15.3 inch) Display
Acer Aspire go 14 (2025) WUXGA IPS Intel Core Ultra 5 125H - (16 GB/512 GB SSD/Windows 11 Home) AG14-7...,"₹75,500",16 GB DDR5 RAM,64 bit Windows 11 Home Operating System,512 GB SSD,Intel Core Ultra 5 Processor,35.56 cm (14 Inch) Display
HP Victus Intel Core i5 13th Gen 13420H - (16 GB/512 GB SSD/Windows 11 Home/4 GB Graphics/NVIDIA GeFor...,"₹95,600",16 GB DDR4 RAM,Windows 11 Home Operating System,512 GB SSD,Intel Core i5 Processor (13th Gen),39.62 cm (15.6 Inch) Display
HP Pavilion Plus MSO 2024 Intel Core i5 13th Gen 1335U - (16 GB/512 GB SSD/Windows 11 Home) 14-ew0107T...,"₹81,342",16 GB LPDDR5X RAM,Windows 11 Home Operating System,512 GB SSD,Intel Core i5 Processor (13th Gen),35.56 cm (14 Inch) Display
Acer Aspire Lite AMD Ryzen 5 Hexa Core 5625U - (16 GB/1 TB SSD/Windows 11 Home) AL15-41 Thin and Light...,"₹67,990",16 GB DDR4 RAM,Windows 11 Operating System,1 TB SSD,AMD Ryzen 5 Hexa Core Processor,39.62 cm (15.6 Inch) Display
ASUS ROG Strix SCAR 15 (2021) AMD Ryzen 9 Octa Core 5900HX - (32 GB/1 TB SSD/Windows 10 Home/8 GB Grap...,"₹2,27,990",32 GB DDR4 RAM,64 bit Windows 10 Operating System,1 TB SSD,AMD Ryzen 9 Octa Core Processor,39.62 cm (15.6 Inch) Display
Acer Swift Lite 14 Intel Core Ultra 5 115U - (16 GB/512 GB SSD/Windows 11 Home) SFL14-54M Thin and Lig...,"₹84,999",16 GB LPDDR5 RAM,64 bit Windows 11 Home Operating System,512 GB SSD,Intel Core Ultra 5 Processor,35.56 cm (14 Inch) Display
Acer Aspire 3 AMD Ryzen 3 Quad Core 7330U - (8 GB/512 GB SSD/Windows 11 Home) A311-45 Notebook,"₹46,990",8 GB DDR4 RAM,64 bit Windows 11 Home Operating System,512 GB SSD,AMD Ryzen 3 Quad Core Processor,39.62 cm (15.6 inch) Display
Acer Aspire 3 15 AMD Ryzen 5 Quad Core 7520U - (8 GB/512 GB SSD/Windows 11 Home) A315-24P Thin and Lig...,"₹54,990",8 GB LPDDR5 RAM,Windows 11 Operating System,512 GB SSD,AMD Ryzen 5 Quad Core Processor,39.62 cm (15.6 Inch) Display
DELL PRO 15 (2026) DDR5 5600Mhz (i3 14th Gen) Intel Core 3 14th Gen 100U - (8 GB/512 GB SSD/Windows 11...,"₹53,990",8 GB DDR5 RAM,64 bit Windows 11 Operating System,512 GB SSD,Intel Core 3 Processor (14th Gen),39.62 cm (15.6 inch) Display
Lenovo Intel Core i3 13th Gen 1315U - (8 GB/512 GB SSD/Windows 11 Home) 83HDA05HIG Laptop,"₹57,011",8 GB DDR5 RAM,Windows 11 Operating System,512 GB SSD,Intel Core i3 Processor (13th Gen),35.56 cm (14 inch) Display
DELL 15 (Core i3 14th Gen) Intel Core 3 - (16 GB/512 GB SSD/Windows 11 Home) DC15250 Thin and Light La...,"₹60,720",16 GB DDR4 RAM,Windows 11 Operating System,512 GB SSD,Intel Core 3 Processor,38.1 cm (15 Inch) Display
DELL PRO 15 (2026) DDR5 5600Mhz (i3 14th Gen) Intel Core 3 14th Gen 100U - (8 GB/512 GB SSD/Windows 11...,"₹54,990",8 GB DDR5 RAM,64 bit Windows 11 Home Operating System,512 GB SSD,Intel Core 3 Processor (14th Gen),39.62 cm (15.6 inch) Display
"ASUS Vivobook S14 (2025) with Office 2024 + M365 Basic*, AI PC, Backlit Keyboard, Snapdragon X - (16 G...","₹70,990",16 GB LPDDR5X RAM,Windows 11 Home Operating System,512 GB SSD,Snapdragon X Processor,35.56 cm (14 Inch) Display
Lenovo Ultra 5 225U Intel Core Ultra 5 225U - (16 GB/1 TB SSD/Windows 11 Home) 21SKA0FTIG Laptop,"₹1,10,999",16 GB DDR5 RAM,Windows 11 Operating System,1 TB SSD,Intel Core Ultra 5 Processor,40.64 cm (16 inch) Display
Ultimus APEX 5 Intel Core i5 12th Gen 1235U - (8 GB/512 GB SSD/Windows 11 Home) NU14U3INF66BY-CS Lapto...,"₹49,998",8 GB DDR4 RAM,64 bit Windows 11 Home Operating System,512 GB SSD,Intel Core i5 Processor (12th Gen),35.81 cm (14.1 Inch) Display
Infinix B15 Series AMD Ryzen 5 Hexa Core 5500U - (16 GB/512 GB SSD/Windows 11 Home) BL51A5 Thin and Li...,"₹59,990",16 GB DDR4 RAM,Windows 11 Operating System,512 GB SSD,AMD Ryzen 5 Hexa Core Processor,39.62 cm (15.6 Inch) Display
HP 250R G10 (2025) (i3 14th Gen) Intel Core 3 14th Gen 100U - (8 GB/512 GB SSD/Windows 11 Home) 250R G...,"₹52,435",8 GB DDR4 RAM,64 bit Windows 11 Operating System,512 GB SSD,Intel Core 3 Processor (14th Gen),39.62 cm (15.6 Inch) Display
"HP Professional 14, Intel Core i5 13th Gen 1334U - (16 GB/512 GB SSD/Windows 11 Pro) 240 G10 Thin and ...","₹78,455",16 GB DDR4X RAM,64 bit Windows 11 Operating System,512 GB SSD,Intel Core i5 Processor (13th Gen),35.56 cm (14 Inch) Display
Acer Aspire One Intel Celeron Dual Core N4500 - (12 GB/256 GB SSD/Windows 11 Home) A114-45 Thin and Li...,"₹39,990",12 GB LPDDR4X RAM,64 bit Windows 11 Operating System,256 GB SSD,Intel Celeron Dual Core Processor,35.56 cm (14 Inch) Display
Lenovo LOQ Intel Core i5 12th Gen 12450HX - (16 GB/512 GB SSD/Windows 11 Home/6 GB Graphics/NVIDIA GeF...,"₹94,999",16 GB DDR5 RAM,Windows 11 Operating System,512 GB SSD,Intel Core i5 Processor (12th Gen),39.62 cm (15.6 Inch) Display
HP Intel Core Ultra 5 14th Gen - (16 GB/1 TB SSD/Windows 11 Home) 15-fd1354TU Laptop,"₹83,001",16 GB DDR5 RAM,Windows 11 Home Operating System,1 TB SSD,Intel Core Ultra 5 Processor (14th Gen),39.62 cm (15.6 Inch) Display
DELL 14 Plus Next Gen AI PC Microsoft Office Home 2024 Intel Core Ultra 5 226V - (16 GB/512 GB SSD/Win...,"₹95,000",16 GB LPDDR5X RAM,Windows 11 Home Operating System,512 GB SSD,Intel Core Ultra 5 Processor,35.56 cm (14 Inch) Display
"Apple MacBook Air (M5, 2026) M5 - (16 GB/512 GB SSD/Tahoe) MDVH4HN/A","₹1,79,900",16 GB Unified Memory RAM,Mac OS Operating System,512 GB SSD,Apple M5 Processor,38.86 cm (15.3 inch) Display
ASUS Vivobook 15 Intel Core i5 12th Gen 1235U - (8 GB/512 GB SSD/Windows 11 Home) X1504ZA-NJ521WS|X150...,"₹46,990",8 GB DDR4 RAM,64 bit Windows 11 Operating System,512 GB SSD,Intel Core i5 Processor (12th Gen),39.62 cm (15.6 Inch) Display
ASUS ExpertBook P1 Intel Core i7 13th Gen 13620H - (16 GB/512 GB SSD/Windows 11 Home) P1503CVA-S71042W...,"₹76,990",16 GB DDR5 RAM,64 bit Windows 11 Home Operating System,512 GB SSD,Intel Core i7 Processor (13th Gen),39.62 cm (15.6 Inch) Display
MSI Thin 15 Intel Core i7 12th Gen 12650H - (16 GB/512 GB SSD/Windows 11 Home/6 GB Graphics/NVIDIA GeF...,"₹98,890",16 GB DDR4 RAM,Windows 11 Operating System,512 GB SSD,Intel Core i7 Processor (12th Gen),39.62 cm (15.6 Inch) Display
ASUS Chromebook CX14 Intel Celeron Dual Core N4500 - (4 GB/128 GB EMMC Storage/Chrome OS) CX1405CKA-NK...,"₹29,808",4 GB LPDDR4X RAM,Chrome Operating System,,Intel Celeron Dual Core Processor,35.56 cm (14 Inch) Display
ASUS ProArt PZ13 Next Gen AI PC OLED for Creator Snapdragon X Plus - (16 GB/1 TB SSD/Windows 11 Home/Q...,"₹1,76,000",16 GB LPDDR5X RAM,Windows 11 Operating System,1 TB SSD,Snapdragon X Plus Processor,33.78 cm (13.3 Inch) Touchscreen Display
HP Victus AMD Ryzen 7 Hexa Core 7445HS - (16 GB/512 GB SSD/Windows 11 Home/4 GB Graphics/NVIDIA GeForc...,"₹89,990",16 GB DDR5 RAM,Windows 11 Home Operating System,512 GB SSD,AMD Ryzen 7 Hexa Core Processor,39.62 cm (15.6 Inch) Display
ASUS Vivobook Go 15 AMD Ryzen 3 Quad Core 7320U - (8 GB/512 GB SSD/Windows 11 Home) E1504FA-NJ322WS Th...,"₹41,990",8 GB LPDDR5 RAM,64 bit Windows 11 Home Operating System,512 GB SSD,AMD Ryzen 3 Quad Core Processor,39.62 cm (15.6 Inch) Display
"ASUS Vivobook Go 15 (2025) with Office 2024 + M365 Basic*, Backlit Keyboard, AMD Ryzen 5 Quad Core 752...","₹64,475",16 GB LPDDR5 RAM,Windows 11 Home Operating System,512 GB SSD,AMD Ryzen 5 Quad Core Processor,39.62 cm (15.6 Inch) Display
Lenovo IdeaPad Slim 3 Intel Core i3 12th Gen 1215U - (8 GB/512 GB SSD/Windows 11 Home) 15IAU7 Thin and...,"₹55,000",8 GB DDR4 RAM,64 bit Windows 11 Operating System,512 GB SSD,Intel Core i3 Processor (12th Gen),39.62 cm (15.6 Inch) Display
Lenovo IdeaPad 3 Intel Core i3 12th Gen 1215U - (8 GB/512 GB SSD/Windows 11 Home) 15IAU7 Thin and Ligh...,"₹54,990",8 GB DDR4 RAM,Windows 11 Operating System,512 GB SSD,Intel Core i3 Processor (12th Gen),39.62 cm (15.6 Inch) Display
"ASUS Vivobook 15 (2025)(i5 14th Gen)with MSO 2024 + M365 Basic, Backlit Keyboard, Intel Core 5 120U - ...","₹68,490",16 GB DDR4 RAM,Windows 11 Home Operating System,512 GB SSD,Intel Core 5 Processor,39.62 cm (15.6 Inch) Display
HP Pavilion Intel Core i5 13th Gen 1340P - (16 GB/512 GB SSD/Windows 11 Home) 15-eg3079TU Thin and Lig...,"₹72,990",16 GB DDR4 RAM,64 bit Windows 11 Operating System,512 GB SSD,Intel Core i5 Processor (13th Gen),39.62 cm (15.6 Inch) Display
ASUS TUF Gaming F16 (2025) with Office 2024 + M365 Basic* Intel Core i5 13th Gen 13450HX - (16 GB/1 TB...,"₹1,42,998",16 GB DDR5 RAM,Windows 11 Home Operating System,1 TB SSD,Intel Core i5 Processor (13th Gen),40.64 cm (16 Inch) Display
ASUS Vivobook Go 15 AMD Ryzen 3 Quad Core 7320U - (8 GB/512 GB SSD/Windows 11 Home) E1504FA-NJ130WS | ...,"₹41,990",8 GB LPDDR5 RAM,Windows 11 Home Operating System,512 GB SSD,AMD Ryzen 3 Quad Core Processor,39.62 cm (15.6 Inch) Display
Lenovo Ultra 5 225U Intel Core Ultra 5 225U - (16 GB/1 TB SSD/Windows 11 Home) 21SKA0FTIG Laptop,"₹1,10,999",16 GB DDR5 RAM,Windows 11 Operating System,1 TB SSD,Intel Core Ultra 5 Processor,40.64 cm (16 inch) Display
Primebook 2 Neo (2025) in-Built AI MediaTek Helio G99 (MT8781) - (6 GB/128 GB/Android 15) PBG9911128#B...,"₹26,990",6 GB LPDDR4 RAM,64 bit Android Operating System,,MediaTek Helio G99 (MT8781) Processor,29.46 cm (11.6 Inch) Display
"ASUS Vivobook 15, with Backlit Keyboard, Intel Core i7 13th Gen 13620H - (16 GB/512 GB SSD/Windows 11 ...","₹89,999",16 GB DDR4 RAM,Windows 11 Home Operating System,512 GB SSD,Intel Core i7 Processor (13th Gen),39.62 cm (15.6 Inch) Display
Lenovo Yoga Slim 7 AI PC Intel Core Ultra 5 125H - (16 GB/512 GB SSD/Windows 11 Home) 14IMH9 Thin and ...,"₹94,000",16 GB LPDDR5X RAM,Windows 11 Operating System,512 GB SSD,Intel Core Ultra 5 Processor,35.56 cm (14 Inch) Display
DELL Inspiron AMD Ryzen 3 Dual Core 3250U - (8 GB/1 TB HDD/Windows 10) Inspiron 3505 Notebook,"₹49,613",8 GB DDR4 RAM,64 bit Windows 10 Operating System,,AMD Ryzen 3 Dual Core Processor,39.62 cm (15.6 Inch) Display
DELL Inspiron Intel Core i5 11th Gen 11320H - (16 GB/512 GB SSD/Windows 11 Home) Inspiron 5518 Thin an...,"₹90,783",16 GB DDR4 RAM,64 bit Windows 11 Operating System,512 GB SSD,Intel Core i5 Processor (11th Gen),39.62 cm (15.6 Inch) Display
"ASUS Vivobook 16 (2026) AI PC with Office 2024 + M365 Basic*, Copilot+ PC AMD Ryzen AI 7 Hexa Core 445...","₹94,990",16 GB DDR5 RAM,Windows 11 Home Operating System,512 GB SSD,AMD Ryzen AI 7 Hexa Core Processor,40.64 cm (16 inch) Display
Lenovo IdeaPad Pro 5 2.8K OLED AI PC Intel Core Ultra 9 185H - (32 GB/1 TB SSD/Windows 11 Home) 14IMH9...,"₹1,55,500",32 GB LPDDR5X RAM,64 bit Windows 11 Operating System,1 TB SSD,Intel Core Ultra 9 Processor,35.56 cm (14 Inch) Display
Lenovo IdeaPad Slim 3 with 1Yr ADP Intel Core i5 12th Gen 12450H - (16 GB/512 GB SSD/Windows 11 Home) ...,"₹73,990",16 GB DDR4 RAM,Windows 11 Home Operating System,512 GB SSD,Intel Core i5 Processor (12th Gen),39.62 cm (15.6 Inch) Display
Infinix GT Book Intel Core i5 12th Gen 12450H - (16 GB/512 GB SSD/Windows 11 Home/6 GB Graphics/NVIDIA...,"₹99,990",16 GB LPDDR5X RAM,Windows 11 Operating System,512 GB SSD,Intel Core i5 Processor (12th Gen),40.64 cm (16 Inch) Display
HP 255R G10 (2025) Professional AMD Ryzen 3 Quad Core 7335U - (8 GB/512 GB SSD/Windows 11 Home) 255R G...,"₹51,990",8 GB DDR5 RAM,64 bit Windows 11 Home Operating System,512 GB SSD,AMD Ryzen 3 Quad Core Processor,39.62 cm (15.6 Inch) Display
Lenovo V14 Gen 5 (2026) DDR5 5600Mhz (i7 14th Gen) Intel Core 7 14th Gen - (8 GB/512 GB SSD/Windows 11...,"₹89,455",8 GB DDR5 RAM,64 bit Windows 11 Operating System,512 GB SSD,Intel Core 7 Processor (14th Gen),35.56 cm (14 Inch) Display
Lenovo IdeaPad Slim 1 AMD Ryzen 5 Quad Core 7520U - (8 GB/512 GB SSD/Windows 11 Home) 15AMN7 Thin and ...,"₹59,999",8 GB LPDDR5 RAM,Windows 11 Operating System,512 GB SSD,AMD Ryzen 5 Quad Core Processor,39.62 cm (15.6 Inch) Display
HP Pavilion Intel Core i5 12th Gen 1235U - (16 GB/512 GB SSD/Windows 11 Home) 14-dv2014TU Thin and Lig...,"₹73,688",16 GB DDR4 RAM,64 bit Windows 11 Operating System,512 GB SSD,Intel Core i5 Processor (12th Gen),35.56 cm (14 Inch) Display
Lenovo LOQ Intel Core i5 12th Gen 12450HX - (16 GB/512 GB SSD/Windows 11 Home/6 GB Graphics/NVIDIA GeF...,"₹98,500",16 GB DDR5 RAM,Windows 11 Operating System,512 GB SSD,Intel Core i5 Processor (12th Gen),39.62 cm (15.6 Inch) Display
HP Pavilion Plus AMD Ryzen 7 7th Gen 7000 - (16 GB/1 TB SSD/Windows 11 Home) 14-ey0789AU Thin and Ligh...,"₹86,490",16 GB LPDDR5X RAM,64 bit Windows 11 Home Operating System,1 TB SSD,AMD Ryzen 7 Processor (7th Gen),35.56 cm (14 inch) Display
Acer Aspire 7 (i7 14th Gen) Intel Core 7 240H - (16 GB/512 GB SSD/Windows 11 Home/6 GB Graphics/NVIDIA...,"₹79,990",16 GB DDR4 RAM,64 bit Windows 11 Home Operating System,512 GB SSD,Intel Core 7 Processor,39.62 cm (15.6 Inch) Display
ASUS TUF Gaming A15 AMD Ryzen 7 Hexa Core - (16 GB/512 GB SSD/Windows 11 Home/4 GB Graphics/NVIDIA GeF...,"₹93,990",16 GB DDR5 RAM,Windows 11 Home Operating System,512 GB SSD,AMD Ryzen 7 Hexa Core Processor,39.62 cm (15.6 inch) Display
ASUS Expertbook P1 with 1 Yr ADP(i3 14th Gen) Intel Core 3 13th Gen 1315U - (16 GB/512 GB SSD/Windows ...,"₹65,365",16 GB DDR5 RAM,64 bit Windows 11 Home Operating System,512 GB SSD,Intel Core 3 Processor (13th Gen),39.62 cm (15.6 Inch) Display
ASUS Intel Core i7 12th Gen 12700H - (16 GB/512 GB SSD/Windows 11 Home/4 GB Graphics/NVIDIA GeForce RT...,"₹1,05,199",16 GB DDR4 RAM,Windows 11 Operating System,512 GB SSD,Intel Core i7 Processor (12th Gen),39.62 cm (15.6 Inch) Touchscreen Display
HP Laptop Intel Core i3 13th Gen 1315U - (8 GB/512 GB SSD/Windows 11 Home) 15-fd0129TU / 15-fd0568TU T...,"₹56,000",8 GB DDR4 RAM,Windows 11 Home Operating System,512 GB SSD,Intel Core i3 Processor (13th Gen),39.62 cm (15.6 Inch) Display
HP 15s AMD Ryzen 5 Quad Core 7520U - (16 GB/512 GB SSD/Windows 11 Home) 15-fc0030AU | 15-fc0690AU Thin...,"₹71,000",16 GB LPDDR5 RAM,64 bit Windows 11 Operating System,512 GB SSD,AMD Ryzen 5 Quad Core Processor,39.62 cm (15.6 Inch) Display
"ASUS Vivobook 15, with Backlit Keyboard, Intel Core i7 13th Gen 13620H - (16 GB/512 GB SSD/Windows 11 ...","₹1,11,999",16 GB DDR4 RAM,Windows 11 Home Operating System,512 GB SSD,Intel Core i7 Processor (13th Gen),39.62 cm (15.6 Inch) Display
ASUS VivoBook 15 AMD Ryzen 7 Octa Core 5825U - (16 GB/512 GB SSD/Windows 11 Home) M1502YA-BQ703WS Thin...,"₹75,934",16 GB DDR4 RAM,Windows 11 Operating System,512 GB SSD,AMD Ryzen 7 Octa Core Processor,39.62 cm (15.6 Inch) Display
Acer TravelLite AMD Ryzen 5 7430U - (8 GB/512 GB SSD/Windows 11 Home) TL04-41M Notebook,"₹52,990",8 GB DDR4 RAM,64 bit Windows 11 Home Operating System,512 GB SSD,AMD Ryzen 5 Processor,35.56 cm (14 Inch) Display
"ASUS Vivobook S 14 Intel EVO H-Series, with Backlit Keyboard, Intel Core i5 12th Gen 12500H - (16 GB/5...","₹65,990",16 GB DDR4 RAM,64 bit Windows 11 Operating System,512 GB SSD,Intel Core i5 Processor (12th Gen),35.56 cm (14 Inch) Display
Lenovo Ultra 5 225U Intel Core Ultra 5 225U - (16 GB/1 TB SSD/Windows 11 Home) 21SKA0FTIG Laptop,"₹1,10,999",16 GB DDR5 RAM,Windows 11 Operating System,1 TB SSD,Intel Core Ultra 5 Processor,40.64 cm (16 inch) Display
ASUS TUF Gaming A16 (2026) with Office 2024 + M365 Basic AMD Ryzen 7 170 - (16 GB/512 GB SSD/Windows 1...,"₹1,42,299",16 GB DDR5 RAM,Windows 11 Home Operating System,512 GB SSD,AMD Ryzen 7 Processor,40.64 cm (16 inch) Display
"ASUS Vivobook 16X For Creator, Intel H Series Intel Core i5 13th Gen 13420H - (16 GB/512 GB SSD/Window...","₹93,901",16 GB DDR4 RAM,Windows 11 Operating System,512 GB SSD,Intel Core i5 Processor (13th Gen),40.64 cm (16 Inch) Display
ASUS Chromebook CX15 Intel Celeron Dual Core N4500 - (4 GB/64 GB EMMC Storage/Chrome OS) CX1505CKA-S70...,"₹32,499",4 GB LPDDR4X RAM,Chrome Operating System,,Intel Celeron Dual Core Processor,39.62 cm (15.6 Inch) Display
"ASUS Vivobook 15 (2026) with Office 2024 + M365 Basic*, AMD Ryzen 5 Hexa Core 150 - (16 GB/512 GB SSD/...","₹67,990",16 GB DDR5 RAM,Windows 11 Home Operating System,512 GB SSD,AMD Ryzen 5 Hexa Core Processor,39.62 cm (15.6 inch) Display
Infinix Y4 Max Series Intel Core i3 13th Gen 1315U - (16 GB/512 GB SSD/Windows 11 Home) YL613 Thin and...,"₹59,990",16 GB LPDDR4X RAM,64 bit Windows 11 Operating System,512 GB SSD,Intel Core i3 Processor (13th Gen),40.64 cm (16 Inch) Display
ASUS VivoBook 14 Intel Core i5 10th Gen 10210U - (8 GB/1 TB HDD/256 GB SSD/Windows 10 Home) X412FA-EK5...,"₹59,876",8 GB DDR4 RAM,64 bit Windows 10 Operating System,1 TB HDD|256 GB SSD,Intel Core i5 Processor (10th Gen),35.56 cm (14 Inch) Display
Lenovo LOQ Intel Core i5 13th Gen 13450HX - (16 GB/512 GB SSD/Windows 11 Pro/6 GB Graphics/NVIDIA GeFo...,"₹1,11,500",16 GB DDR5 RAM,Windows 11 Home Operating System,512 GB SSD,Intel Core i5 Processor (13th Gen),39.62 cm (15.6 Inch) Display
ASUS Vivobook 15 (2025) with Office 2024 + M365 Basic* Intel Core i3 13th Gen - (16 GB/512 GB SSD/Wind...,"₹48,990",16 GB DDR5 RAM,Windows 11 Home Operating System,512 GB SSD,Intel Core i3 Processor (13th Gen),39.62 cm (15.6 Inch) Display
ASUS Vivobook (i5 14th Gen) Intel Core 5 1st Gen - (16 GB/512 GB SSD/Windows 11 Home) X1404VAP-EB541WS...,"₹66,990",16 GB DDR4 RAM,Windows 11 Home Operating System,512 GB SSD,Intel Core 5 Processor (1st Gen),35.56 cm (14 Inch) Display
Acer Aspire 14 Office 2024 + M365 Basic Intel Core i5 13th Gen 13500H - (16 GB/512 GB SSD/Windows 11 H...,"₹74,999",16 GB LPDDR5 RAM,64 bit Windows 11 Home Operating System,512 GB SSD,Intel Core i5 Processor (13th Gen),35.56 cm (14 Inch) Display
DELL MSO'2021 Intel Core i3 12th Gen 1215U - (8 GB/512 GB SSD/Windows 11 Home) New Inspiron 15 Laptop ...,"₹50,699",RAM & Storage: 8GB DDR4 & 512GB SSD,64 bit Windows 11 Operating System,RAM & Storage: 8GB DDR4 & 512GB SSD,Processor: Intel i3-1215U (Base- 0.9 GHz & Turbo up to 4.40 GHz) 6 Cores,"Display: 15.6"" FHD WVA AG 120Hz 250 nits Narrow Border"
Lenovo IdeaPad Slim 3 Intel Core i7 12th Gen 1255U - (16 GB/512 GB SSD/Windows 11 Home) 15IAU7 Thin an...,"₹62,020",16 GB DDR4 RAM,Windows 11 Operating System,512 GB SSD,Intel Core i7 Processor (12th Gen),39.62 cm (15.6 Inch) Display
GIGABYTE AORUS Intel Core i7 13th Gen 13700H - (16 GB/1 TB SSD/Windows 11 Home/8 GB Graphics/NVIDIA Ge...,"₹2,15,300",16 GB DDR5 RAM,Windows 11 Home Operating System,1 TB SSD,Intel Core i7 Processor (13th Gen),39.62 cm (15.6 Inch) Display
MSI Modern 14 C13M Intel Core i3 13th Gen 1315U - (8 GB/512 GB SSD/Windows 11 Home) Modern 14 C13M-115...,"₹58,985",8 GB DDR4 RAM,64 bit Windows 11 Operating System,512 GB SSD,Intel Core i3 Processor (13th Gen),35.56 cm (14 Inch) Display
HP AMD Athlon Dual Core - (8 GB/256 GB SSD/Windows 11 Home) 255 Laptop,"₹47,600",8 GB LPDDR4 RAM,Windows 11 Operating System,256 GB SSD,AMD Athlon Dual Core Processor,39.62 cm (15.6 Inch) Display
HP OmniBook 5 OLED {2026} Snapdragon X - (16 GB/512 GB SSD/Windows 11 Home) 14-he0014qu Thin and Light...,"₹97,000",16 GB LPDDR5X RAM,Windows 11 Home Operating System,512 GB SSD,Snapdragon X Processor,35.56 cm (14 inch) Display
HP Laptop AMD Ryzen 3 Quad Core 5300U - (8 GB/512 GB SSD/Windows 11 Home) 15s- eq2212AU Thin and Light...,"₹52,990",8 GB DDR4 RAM,Windows 11 Operating System,512 GB SSD,AMD Ryzen 3 Quad Core Processor,39.37 cm (15.5 Inch) Display
"MICROSOFT Surface Pro 12"" with Type Cover & Pen Core 8 with Microsoft 365 for 6 Months* Snapdragon X P...","₹1,47,622",16 GB LPDDR5X RAM,64 bit Windows 11 Operating System,256 GB SSD,Snapdragon X Plus Processor,30.48 cm (12 inch) Touchscreen Display
HP 15s Backlit Keyboard AMD Ryzen 3 Quad Core 7320U - (8 GB/512 GB SSD/Windows 11 Home) 15-fc0026AU Th...,"₹52,100",8 GB LPDDR5 RAM,64 bit Windows 11 Operating System,512 GB SSD,AMD Ryzen 3 Quad Core Processor,39.62 cm (15.6 Inch) Display
Lenovo Ultra 5 225U Intel Core Ultra 5 225U - (16 GB/1 TB SSD/Windows 11 Home) 21SKA0FTIG Laptop,"₹1,10,999",16 GB DDR5 RAM,Windows 11 Operating System,1 TB SSD,Intel Core Ultra 5 Processor,40.64 cm (16 inch) Display
Acer Aspire 3 Intel Celeron Dual Core - (8 GB/256 GB SSD/Windows 11 Home) A325-45 Thin and Light Lapto...,"₹36,990",8 GB LPDDR4X RAM,Windows 11 Operating System,256 GB SSD,Intel Celeron Dual Core Processor,39.62 cm (15.6 inch) Display
ASUS Vivobook 15 Intel Core i5 12th Gen 1235U - (16 GB/512 GB SSD/Windows 11 Home) X1502ZA-EJ545WS Thi...,"₹51,990",16 GB DDR4 RAM,64 bit Windows 11 Operating System,512 GB SSD,Intel Core i5 Processor (12th Gen),39.62 cm (15.6 Inch) Display
ASUS Expertbook P1 with 1 Yr ADP (i5 14th Gen) Intel Core 5 210H - (32 GB/512 GB SSD/Windows 11 Home) ...,"₹84,990",32 GB DDR5 RAM,64 bit Windows 11 Home Operating System,512 GB SSD,Intel Core 5 Processor,35.56 cm (14 Inch) Display
HP Intel Celeron Dual Core N4500 - (8 GB/512 GB SSD/Windows 11 Home) 15s- fq3066TU Thin and Light Lapt...,"₹25,499",8 GB DDR4 RAM,Windows 11 Operating System,512 GB SSD,Intel Celeron Dual Core Processor,39.62 cm (15.6 Inch) Display
"ASUS Vivobook Go 15 (2025) with Office 2024 + M365 Basic*, AMD Ryzen 5 Quad Core 7520U - (16 GB/512 GB...","₹64,991",16 GB LPDDR5 RAM,Windows 11 Home Operating System,512 GB SSD,AMD Ryzen 5 Quad Core Processor,39.62 cm (15.6 Inch) Display
"ASUS Vivobook 15 (2025) with Touchscreen & Backlit Keyboard, Intel Core i3 13th Gen 1315U - (8 GB/512 ...","₹44,990",8 GB DDR4 RAM,Windows 11 Home Operating System,512 GB SSD,Intel Core i3 Processor (13th Gen),39.62 cm (15.6 Inch) Touchscreen Display
HP Pavilion Plus Intel Core i5 13th Gen 1335U - (16 GB/512 GB SSD/Windows 11 Home) 14-ew0116TU Thin an...,"₹82,896",16 GB LPDDR5X RAM,64 bit Windows 11 Operating System,512 GB SSD,Intel Core i5 Processor (13th Gen),35.56 cm (14 Inch) Display
HP AMD Ryzen 5 Hexa Core 7530U - (8 GB/512 GB SSD/Windows 11 Home) 15-fc0388AU Thin and Light Laptop,"₹58,990",8 GB DDR4 RAM,Windows 11 Home Operating System,512 GB SSD,AMD Ryzen 5 Hexa Core Processor,39.62 cm (15.6 Inch) Display
Lenovo IdeaPad Slim 3 Intel Core i5 13th Gen 13420H - (16 GB/512 GB SSD/Windows 11 Home) 83K100RWIN Th...,"₹79,900",16 GB DDR5 RAM,Windows 11 Operating System,512 GB SSD,Intel Core i5 Processor (13th Gen),39.62 cm (15.6 inch) Display
ASUS Vivobook 16 (2025) with Office 2024 + M365 Basic* Intel Core i7 13th Gen 13620H - (16 GB/512 GB S...,"₹98,999",16 GB DDR4 RAM,Windows 11 Home Operating System,512 GB SSD,Intel Core i7 Processor (13th Gen),40.64 cm (16 Inch) Display
HP Omnibook 3 AMD Ryzen AI 5 Hexa Core - (16 GB/512 GB SSD/Windows 11 Home) 15-fn0007AU Thin and Light...,"₹77,500",16 GB DDR5 RAM,Windows 11 Home Operating System,512 GB SSD,AMD Ryzen AI 5 Hexa Core Processor,39.62 cm (15.6 Inch) Display
Infinix GT Book Intel Core i5 12th Gen 12450H - (16 GB/512 GB SSD/Windows 11 Home/6 GB Graphics/NVIDIA...,"₹99,990",16 GB LPDDR5 RAM,Windows 11 Operating System,512 GB SSD,Intel Core i5 Processor (12th Gen),40.64 cm (16 Inch) Display
DELL Inspiron 15 With MSO'2024 & Backlit KB Intel Core i5 13th Gen 1334U - (16 GB/1 TB SSD/Windows 11 ...,"₹79,990",16 GB DDR4 RAM,Windows 11 Operating System,1 TB SSD,Intel Core i5 Processor (13th Gen),39.62 cm (15.6 Inch) Display
"Apple MacBook Pro (M5 Pro, 2026) M5 Pro - (24 GB/2 TB SSD/Tahoe) MJLV4HN/A","₹3,59,900",24 GB Unified Memory RAM,Mac OS Operating System,2 TB SSD,Apple M5 Pro Processor,35.56 cm (14 inch) Display
HP 14s Intel Core i5 11th Gen 1135G7 - (8 GB/512 GB SSD/Windows 10 Home) 14s- DR2016TU Thin and Light ...,"₹62,286",8 GB DDR4 RAM,64 bit Windows 10 Operating System,512 GB SSD,Intel Core i5 Processor (11th Gen),35.56 cm (14 Inch) Display
HP 15 (2024) AMD Ryzen 3 Quad Core 7320U - (8 GB/512 GB SSD/Windows 11 Home) 15-fc0500AU / 15-fc0154AU...,"₹52,990",8 GB DDR4 RAM,Windows 11 Operating System,512 GB SSD,AMD Ryzen 3 Quad Core Processor,39.62 cm (15.6 Inch) Display
Lenovo LOQ 2025 Intel Core i7 14th Gen 14700HX - (16 GB/1 TB SSD/Windows 11 Home/8 GB Graphics/NVIDIA ...,"₹1,78,990",16 GB DDR5 RAM,Windows 11 Home Operating System,1 TB SSD,Intel Core i7 Processor (14th Gen),39.62 cm (15.6 Inch) Display
HP Intel Core i3 - (8 GB/512 GB SSD/Windows 11 Home) 14-ep0343TU Thin and Light Laptop,"₹59,279",8 GB DDR4 RAM,Windows 11 Home Operating System,512 GB SSD,Intel Core i3 Processor,35.56 cm (14 Inch) Display
Samsung Galaxy Book2 Intel Core i5 12th Gen 1235U - (16 GB/512 GB SSD/Windows 11 Home) NP750XED-KC3IN ...,"₹88,990",16 GB LPDDR4X RAM,64 bit Windows 11 Operating System,512 GB SSD,Intel Core i5 Processor (12th Gen),39.62 cm (15.6 Inch) Display
ASUS Expertbook P1 with 1 Yr ADP (i5 14th Gen) Intel Core 5 210H - (32 GB/512 GB SSD/Windows 11 Home) ...,"₹88,990",32 GB DDR5 RAM,64 bit Windows 11 Home Operating System,512 GB SSD,Intel Core 5 Processor,39.62 cm (15.6 Inch) Display
Lenovo V14 AMD Ryzen 3 Dual Core 11th Gen - (8 GB/512 GB SSD/DOS) V14 Gen-4 Business Laptop,"₹49,599",8 GB DDR4 RAM,64 bit DOS Operating System,512 GB SSD,AMD Ryzen 3 Dual Core Processor (11th Gen),35.56 cm (14 Inch) Display
HP 15 (2025) AMD Athlon Dual Core 7120U - (8 GB/256 GB SSD/Windows 11 Pro) 15 Thin and Light Laptop,"₹45,990",8 GB DDR4 RAM,64 bit Windows 11 Operating System,256 GB SSD,AMD Athlon Dual Core Processor,39.62 cm (15.6 Inch) Display
DELL Inspiron 15 Intel Core i3 12th Gen 1215U - (8 GB/512 GB SSD/Windows 11 Home) Inspiron 3520 Thin a...,"₹50,783",8 GB DDR4 RAM,Windows 11 Operating System,512 GB SSD,Intel Core i3 Processor (12th Gen),39.62 cm (15.6 Inch) Display
Lenovo Ultra 5 225U Intel Core Ultra 5 225U - (16 GB/1 TB SSD/Windows 11 Home) 21SKA0FTIG Laptop,"₹1,10,999",16 GB DDR5 RAM,Windows 11 Operating System,1 TB SSD,Intel Core Ultra 5 Processor,40.64 cm (16 inch) Display
HP Victus Intel Core i5 14th Gen 14450HX - (24 GB/512 GB SSD/Windows 11 Home/6 GB Graphics/NVIDIA GeFo...,"₹99,480",24 GB DDR5 RAM,Windows 11 Home Operating System,512 GB SSD,Intel Core i5 Processor (14th Gen),39.62 cm (15.6 Inch) Display
Lenovo V 15 (2025) AMD Ryzen 3 Quad Core 7320U - (8 GB/512 GB SSD/Windows 11 Pro) V 15 Thin and Light ...,"₹50,999",8 GB LPDDR5 RAM,64 bit Windows 11 Operating System,512 GB SSD,AMD Ryzen 3 Quad Core Processor,39.62 cm (15.6 Inch) Display
HP AMD Ryzen 5 Hexa Core 7530U - (8 GB/512 GB SSD/Windows 11 Home) 15-fc0388AU Thin and Light Laptop,"₹58,990",8 GB DDR4 RAM,Windows 11 Home Operating System,512 GB SSD,AMD Ryzen 5 Hexa Core Processor,39.62 cm (15.6 inch) Display
HP AMD Ryzen 7 Octa Core 5700U - (16 GB/512 GB SSD/Windows 11 Home) 14s-fy1005AU Thin and Light Laptop,"₹79,850",16 GB DDR4 RAM,64 bit Windows 11 Operating System,512 GB SSD,AMD Ryzen 7 Octa Core Processor,35.56 cm (14 Inch) Display
HP AMD Ryzen 3 Quad Core 7320U - (8 GB/512 GB SSD/Windows 11 Home) 14-em0025AU Thin and Light Laptop,"₹52,998",8 GB LPDDR5 RAM,64 bit Windows 11 Operating System,512 GB SSD,AMD Ryzen 3 Quad Core Processor,35.56 cm (14 Inch) Display
Acer Intel Core i5 11th Gen - (8 GB/512 GB SSD/Windows 11 Home) AL15-51 Laptop,"₹55,500",8 GB DDR4 RAM,Windows 11 Operating System,512 GB SSD,Intel Core i5 Processor (11th Gen),39.62 cm (15.6 Inch) Display
HP Envy13 x360 bf0121tu Intel Core i5 12th Gen 1230U - (16 GB + 16 GB Optane/512 GB SSD/Windows 11 Hom...,"₹88,999",16 GB LPDDR4X RAM,64 bit Windows 11 Operating System,512 GB SSD,Intel Core i5 Processor (12th Gen),85.8 cm (33.78 Inch) Touchscreen Display
"ASUS Zenbook 14 OLED (2025) with Touch Screen, Backlit Keyboard, Full Metal Body, Intel Core Ultra 7 2...","₹1,59,000",32 GB LPDDR5X RAM,Windows 11 Home Operating System,1 TB SSD,Intel Core Ultra 7 Processor,35.56 cm (14 Inch) Touchscreen Display
Lenovo LOQ Intel Core i7 14th Gen 14700HX - (16 GB/1 TB SSD/Windows 11 Home/8 GB Graphics/NVIDIA GeFor...,"₹1,68,990",16 GB DDR5 RAM,Windows 11 Operating System,1 TB SSD,Intel Core i7 Processor (14th Gen),39.62 cm (15.6 Inch) Display
Acer Swift 3 Intel Core i5 8th Gen 8250U - (8 GB + 16 GB Optane/1 TB HDD/Windows 10 Home/2 GB Graphics...,"₹73,199",8 GB DDR4 RAM,64 bit Windows 10 Operating System,,Intel Core i5 Processor (8th Gen),39.62 cm (15.6 Inch) Display
Lenovo IdeaPad Slim 3 Backlit Keyboard with MSO'2024 Intel Core i5 13th Gen 13420H - (16 GB/512 GB SSD...,"₹74,808",16 GB DDR5 RAM,Windows 11 Home Operating System,512 GB SSD,Intel Core i5 Processor (13th Gen),38.86 cm (15.3 Inch) Display
GIGABYTE AORUS Intel Core i5 12th Gen 12500H - (16 GB/1 TB SSD/Windows 11 Home/8 GB Graphics/NVIDIA Ge...,"₹2,22,750",16 GB DDR5 RAM,Windows 11 Home Operating System,1 TB SSD,Intel Core i5 Processor (12th Gen),39.62 cm (15.6 Inch) Display
Acer Extensa 15 Intel Core i5 11th Gen 1135G7 - (8 GB/512 GB SSD/Windows 11 Home) EX 215-54-583M Thin ...,"₹61,990",8 GB DDR4 RAM,64 bit Windows 11 Operating System,512 GB SSD,Intel Core i5 Processor (11th Gen),39.62 cm (15.6 Inch) Display
ASUS Intel Core i3 13th Gen 1315U - (12 GB/512 GB SSD/Windows 11 Home) X1504A-BQ332WS Business Laptop,"₹58,499",12 GB DDR4 RAM,Windows 11 Home Operating System,512 GB SSD,Intel Core i3 Processor (13th Gen),39.62 cm (15.6 inch) Display
ASUS ROG Flow X13 with Radeon RX 6850M XT eGPU AMD Ryzen 7 Octa Core 6800HS - (32 GB/1 TB SSD/Windows ...,"₹3,70,998",32 GB LPDDR5 RAM,64 bit Windows 11 Operating System,1 TB SSD,AMD Ryzen 7 Octa Core Processor,34.04 cm (13.4 Inch) Touchscreen Display
DELL Inspiron 5440 (2026) (i3 14th Gen) Intel Core 3 14th Gen 100U - (8 GB/512 GB SSD/Windows 11 Pro) ...,"₹54,890",8 GB DDR5 RAM,64 bit Windows 11 Operating System,512 GB SSD,Intel Core 3 Processor (14th Gen),35.56 cm (14 inch) Display
Acer One Intel Core i3 11th Gen 1115G4 - (8 GB/512 GB SSD/Windows 11 Home) AO 14 Z 8-415 Thin and Ligh...,"₹43,999",8 GB DDR4 RAM,64 bit Windows 11 Operating System,512 GB SSD,Intel Core i3 Processor (11th Gen),35.56 cm (14 Inch) Display
Lenovo IdeaPad Slim 3 Intel Core i5 12th Gen 12450H - (8 GB/512 GB SSD/Windows 11 Home) 15IAH8 Thin an...,"₹59,990",8 GB LPDDR5 RAM,Windows 11 Operating System,512 GB SSD,Intel Core i5 Processor (12th Gen),39.62 cm (15.6 Inch) Display
"DELL Inspiron 15 with Backlit Keyboard, Intel Core i5 13th Gen 1334U - (16 GB/512 GB SSD/Windows 11 Ho...","₹71,990",16 GB DDR4 RAM,64 bit Windows 11 Operating System,512 GB SSD,Intel Core i5 Processor (13th Gen),39.62 cm (15.6 Inch) Display
walker Intel Celeron Dual Core N4020 - (4 GB/128 GB SSD/Windows 11 Home) NU14A1 Thin and Light Laptop,"₹30,000",4 GB LPDDR4 RAM,64 bit Windows 11 Operating System,128 GB SSD,Intel Celeron Dual Core Processor,35.81 cm (14.1 Inch) Display
HP Victus (i5 14th Gen) Intel Core 5 210 H - (24 GB/512 GB SSD/Windows 11 Home/6 GB Graphics/NVIDIA Ge...,"₹1,25,990",24 GB DDR5 RAM,Windows 11 Home Operating System,512 GB SSD,Intel Core 5 Processor,39.62 cm (15.6 inch) Display
Lenovo IdeaPad Slim 1 AMD Ryzen 3 Quad Core 7320U - (8 GB/512 GB SSD/Windows 11 Home) 15AMN7 Thin and ...,"₹34,899",8 GB LPDDR5 RAM,Windows 11 Operating System,512 GB SSD,AMD Ryzen 3 Quad Core Processor,39.62 cm (15.6 Inch) Display
Acer Intel Core i5 - (8 GB/512 GB SSD/Windows 11 Home) TL04-51M Laptop,"₹58,999",8 GB DDR4 RAM,Windows 11 Operating System,512 GB SSD,Intel Core i5 Processor,35.56 cm (14 inch) Display
ASUS TUF Gaming F16 (i5 14th Gen) Intel Core 5 210H - (16 GB/512 GB SSD/Windows 11 Home/6 GB Graphics/...,"₹1,25,990",16 GB DDR5 RAM,Windows 11 Home Operating System,512 GB SSD,Intel Core 5 Processor,40.64 cm (16 Inch) Display
HP 255 G10 AMD Ryzen 5 Quad Core 7520U - (8 GB/512 GB SSD/Windows 11 Home) 255 G10 Thin and Light Lapt...,"₹55,951",8 GB DDR4 RAM,64 bit Windows 11 Operating System,512 GB SSD,AMD Ryzen 5 Quad Core Processor,39.62 cm (15.6 Inch) Display
Lenovo Ultra 5 225U Intel Core Ultra 5 225U - (16 GB/1 TB SSD/Windows 11 Home) 21SKA0FTIG Laptop,"₹1,10,999",16 GB DDR5 RAM,Windows 11 Operating System,1 TB SSD,Intel Core Ultra 5 Processor,40.64 cm (16 inch) Display
Acer Aspire 3 Intel Core i5 12th Gen 1235U - (8 GB/512 GB SSD/Windows 11 Home) A315-59-50CP Thin and L...,"₹54,990",8 GB DDR4 RAM,64 bit Windows 11 Operating System,512 GB SSD,Intel Core i5 Processor (12th Gen),39.62 cm (15.6 Inch) Display
HP 15 AMD Ryzen 7 Octa Core 7730U - (16 GB/512 GB SSD/Windows 11 Home) 15-fc0761AU Thin and Light Lapt...,"₹72,300",16 GB DDR4 RAM,Windows 11 Home Operating System,512 GB SSD,AMD Ryzen 7 Octa Core Processor,39.62 cm (15.6 inch) Display
ASUS Vivobook 16 Intel Core Ultra 5 Series 3 325 - (16 GB/512 GB SSD/Windows 11 Home) X1607AA-MB038WS ...,"₹96,990",16 GB DDR5 RAM,Windows 11 Home Operating System,512 GB SSD,Intel Core Ultra 5 Processor (Series 3),40.64 cm (16 inch) Display
"DELL Inspiron 15 with Backlit Keyboard, Intel Core i3 12th Gen 1215U - (8 GB/512 GB SSD/Windows 11 Hom...","₹50,868",8 GB DDR4 RAM,64 bit Windows 11 Operating System,512 GB SSD,Intel Core i3 Processor (12th Gen),39.62 cm (15.6 Inch) Display
Lenovo LOQ 2025 Intel Core i7 13th Gen 13700HX - (16 GB/1 TB SSD/Windows 11 Home/8 GB Graphics/NVIDIA ...,"₹1,59,900",16 GB DDR5 RAM,Windows 11 Home Operating System,1 TB SSD,Intel Core i7 Processor (13th Gen),39.62 cm (15.6 Inch) Display
HP OMEN AMD Ryzen 7 Octa Core 7840HS - (16 GB/1 TB SSD/Windows 11 Home/8 GB Graphics/NVIDIA GeForce RT...,"₹1,34,191",16 GB DDR5 RAM,Windows 11 Operating System,1 TB SSD,AMD Ryzen 7 Octa Core Processor,40.89 cm (16.1 Inch) Display
"ASUS Gaming V16 (2025) for Creator with Office 2024 + M365 Basic*, AI PC(i7 14th gen) Intel Core 7 240...","₹99,990",16 GB DDR5 RAM,Windows 11 Home Operating System,512 GB SSD,Intel Core 7 Processor,40.64 cm (16 Inch) Display
Infinix X Air Pro+ Intel Core i5 13th Gen 1334U - (16 GB/512 GB SSD/Windows 11 Home) XL434 Thin and Li...,"₹69,990",16 GB LPDDR4X RAM,64 bit Windows 11 Home Operating System,512 GB SSD,Intel Core i5 Processor (13th Gen),35.56 cm (14 Inch) Display
DELL Intel Core i5 12th Gen 1235U - (8 GB/512 GB SSD/Windows 11 Home) New Inspiron 15 Laptop Thin and ...,"₹68,990",RAM & Storage: 8GB DDR4 & 512GB SSD,64 bit Windows 11 Operating System,RAM & Storage: 8GB DDR4 & 512GB SSD,Processor: Intel i5-1235U (Base- 3.30 GHz & Turbo up to 4.40 GHz) 10 Cores,"Display: 15.6"" FHD WVA AG 120Hz 250 nits Narrow Border"
HP Intel Core i5 13th Gen 1340P - (16 GB/512 GB SSD/Windows 11 Home) 15-eg3027TU Thin and Light Laptop,"₹76,800",16 GB DDR4 RAM,64 bit Windows 11 Operating System,512 GB SSD,Intel Core i5 Processor (13th Gen),39.62 cm (15.6 Inch) Display
HP 15 AMD Ryzen 5 Quad Core 7520U - (8 GB/512 GB SSD/Windows 11 Home) 15-fc0805AU Thin and Light Lapto...,"₹58,567",8 GB LPDDR5 RAM,Windows 11 Home Operating System,512 GB SSD,AMD Ryzen 5 Quad Core Processor,39.62 cm (15.6 inch) Display
Acer Travellite AMD Ryzen 3 Octa Core 5400U - (8 GB/512 GB SSD/Windows 11 Home) TL04-41M Notebook,"₹44,990",8 GB DDR4 RAM,Windows 11 Home Operating System,512 GB SSD,AMD Ryzen 3 Octa Core Processor,35.56 cm (14 inch) Display
HP Intel Core i5 12th Gen 1235U - (8 GB/1 TB SSD/Windows 11 Home) 15s-fq5331TU Thin and Light Laptop,"₹74,838",8 GB DDR4 RAM,Windows 11 Operating System,1 TB SSD,Intel Core i5 Processor (12th Gen),39.62 cm (15.6 Inch) Display
HP 250 G8 Intel Core i3 11th Gen - (8 GB/512 GB SSD/Windows 11 Home) 250 G8 Business Laptop,"₹57,990",8 GB DDR4 RAM,64 bit Windows 11 Operating System,512 GB SSD,Intel Core i3 Processor (11th Gen),39.62 cm (15.6 Inch) Display
MSI Thin A15 AMD Ryzen 5 Hexa Core 7535HS - (16 GB/512 GB SSD/Windows 11 Home/4 GB Graphics/NVIDIA GeF...,"₹72,990",16 GB DDR5 RAM,Windows 11 Operating System,512 GB SSD,AMD Ryzen 5 Hexa Core Processor,39.62 cm (15.6 Inch) Display
ASUS TUF Gaming F17 - AI Powered Gaming Intel Core i5 11th Gen 11400H - (8 GB/512 GB SSD/Windows 11 Ho...,"₹75,000",8 GB DDR4 RAM,Windows 11 Operating System,512 GB SSD,Intel Core i5 Processor (11th Gen),43.94 cm (17.3 Inch) Display
HP 15 Intel Core i3 13th Gen 1315U - (16 GB/512 GB SSD/Windows 11 Home) 15-fd0668TU Thin and Light Lap...,"₹69,990",16 GB DDR4 RAM,Windows 11 Home Operating System,512 GB SSD,Intel Core i3 Processor (13th Gen),39.62 cm (15.6 Inch) Display
"ASUS Vivobook Go 15 (2025) with Office 2024 + M365 Basic*, AMD Ryzen 3 Quad Core 7320U - (16 GB/512 GB...","₹56,999",16 GB LPDDR5 RAM,Windows 11 Home Operating System,512 GB SSD,AMD Ryzen 3 Quad Core Processor,39.62 cm (15.6 Inch) Display
"ASUS Vivobook 15 (2025) with Office 2024 + M365 Basic*, Intel Core i3 13th Gen 1315U - (8 GB/512 GB SS...","₹57,999",8 GB DDR4 RAM,Windows 11 Home Operating System,512 GB SSD,Intel Core i3 Processor (13th Gen),39.62 cm (15.6 Inch) Display
HP 255 R G10 AMD Ryzen 5 Hexa Core 7535U - (8 GB/512 GB SSD/Windows 11 Home) 255 R G10 Business Laptop,"₹59,280",8 GB DDR5 RAM,64 bit Windows 11 Operating System,512 GB SSD,AMD Ryzen 5 Hexa Core Processor,39.62 cm (15.6 inch) Display
HP HP Essentials Intel Core i3 13th Gen 1315U - (12 GB/512 GB SSD/Windows 11 Home) fd0573TU Laptop,"₹55,990",12 GB DDR4 RAM,64 bit Windows 11 Home Operating System,512 GB SSD,Intel Core i3 Processor (13th Gen),39.62 cm (15.6 inch) Display
ASUS VivoBook 14 AMD Ryzen 5 Quad Core 3500U - (8 GB/512 GB SSD/Windows 11 Home) M415DA-EB712WS Thin a...,"₹48,900",8 GB DDR4 RAM,32 bit Windows 11 Operating System,512 GB SSD,AMD Ryzen 5 Quad Core Processor,35.56 cm (14 Inch) Display
HP Victus AMD Ryzen 7 Hexa Core 7445HS - (16 GB/512 GB SSD/Windows 11 Home/6 GB Graphics/NVIDIA GeForc...,"₹97,970",16 GB DDR5 RAM,Windows 11 Home Operating System,512 GB SSD,AMD Ryzen 7 Hexa Core Processor,39.62 cm (15.6 Inch) Display
Lenovo Ultra 5 225U Intel Core Ultra 5 225U - (16 GB/1 TB SSD/Windows 11 Home) 21SKA0FTIG Laptop,"₹1,10,999",16 GB DDR5 RAM,Windows 11 Operating System,1 TB SSD,Intel Core Ultra 5 Processor,40.64 cm (16 inch) Display
"ASUS Vivobook 15, with Backlit Keyboard, Intel Core i5 13th Gen 1335U - (8 GB/512 GB SSD/Windows 11 Ho...","₹67,290",8 GB DDR4 RAM,Windows 11 Operating System,512 GB SSD,Intel Core i5 Processor (13th Gen),39.62 cm (15.6 Inch) Display
HP 15s Intel Core i5 13th Gen 1335U - (8 GB/512 GB SSD/Windows 11 Home) 15-fd0022TU Thin and Light Lap...,"₹79,990",8 GB DDR4 RAM,64 bit Windows 11 Operating System,512 GB SSD,Intel Core i5 Processor (13th Gen),39.62 cm (15.6 Inch) Display
HP Intel Core i3 12th Gen 1215U - (8 GB/1 TB SSD/Windows 11 Home) 15s-fy5005TU Thin and Light Laptop,"₹55,050",8 GB DDR4 RAM,Windows 11 Operating System,1 TB SSD,Intel Core i3 Processor (12th Gen),39.62 cm (15.6 Inch) Display
ASUS Intel Core i5 12th Gen 12500H - (16 GB/512 GB SSD/Windows 11 Home) X1605ZAC-MB540WS Thin and Ligh...,"₹71,000",16 GB DDR4 RAM,Windows 11 Operating System,512 GB SSD,Intel Core i5 Processor (12th Gen),40.64 cm (16 Inch) Display
Infinix Inbook Y2 Plus Intel Core i7 11th Gen 1195G7 - (16 GB/512 GB SSD/Windows 11 Home) XL29 Thin an...,"₹69,990",16 GB LPDDR4X RAM,64 bit Windows 11 Operating System,512 GB SSD,Intel Core i7 Processor (11th Gen),39.62 cm (15.6 Inch) Display
HP 255 G10 (2025) AMD Ryzen 7 Octa Core 7730U - (16 GB/512 GB SSD/Windows 11 Home) 255 G10 Thin and Li...,"₹70,000",16 GB DDR4 RAM,Windows 11 Home Operating System,512 GB SSD,AMD Ryzen 7 Octa Core Processor,39.62 cm (15.6 Inch) Display
Lenovo V 14 (2025) Intel Core i5 13th Gen 13420H - (8 GB/512 GB SSD/Windows 11 Home) V14 Thin and Ligh...,"₹62,300",8 GB DDR4 RAM,64 bit Windows 11 Home Operating System,512 GB SSD,Intel Core i5 Processor (13th Gen),35.56 cm (14 Inch) Display
ASUS TUF Gaming F15 Intel Core i5 12th Gen 12500H - (16 GB/512 GB SSD/Windows 11 Home/4 GB Graphics/NV...,"₹64,990",16 GB DDR4 RAM,64 bit Windows 11 Home Operating System,512 GB SSD,Intel Core i5 Processor (12th Gen),39.62 cm (15.6 Inch) Display
DELL PRO 15 (2026) DDR5 5600Mhz (i3 14th Gen) Intel Core 3 14th Gen 100U - (16 GB/512 GB SSD/Windows 1...,"₹65,990",16 GB DDR5 RAM,64 bit Windows 11 Home Operating System,512 GB SSD,Intel Core 3 Processor (14th Gen),39.62 cm (15.6 inch) Display
ASUS Vivobook 16X (2025) with Office 2024 + M365 Basic* Intel Core i5 13th Gen 13420H - (16 GB/512 GB ...,"₹92,534",16 GB DDR4 RAM,Windows 11 Home Operating System,512 GB SSD,Intel Core i5 Processor (13th Gen),40.64 cm (16 Inch) Display
Primebook Wifi Android based MediaTek MT8183 - (4 GB/64 GB EMMC Storage/Prime OS) Wifi Thin and Light ...,"₹17,990",4 GB LPDDR4 RAM,64 bit Prime OS Operating System,,MediaTek MT8183 Processor,29.46 cm (11.6 Inch) Display
HP Intel Core i5 12th Gen 1235U - (8 GB/512 GB SSD/Windows 11 Home) 15s-fr5010TU Thin and Light Laptop,"₹63,000",8 GB DDR4 RAM,64 bit Windows 11 Operating System,512 GB SSD,Intel Core i5 Processor (12th Gen),39.62 cm (15.6 Inch) Display
Acer Aspire 3 Backlit Intel Core i5 12th Gen 1235U - (16 GB/512 GB SSD/Windows 11 Home) A324-51 Thin a...,"₹53,000",16 GB DDR4 RAM,64 bit Windows 11 Operating System,512 GB SSD,Intel Core i5 Processor (12th Gen),35.56 cm (14 Inch) Display
MICROSOFT Surface Laptop 5 Intel Core i5 12th Gen 1235U - (8 GB/256 GB SSD/Windows 11 Home) QZI-00023 ...,"₹1,07,999",8 GB LPDDR5 RAM,Windows 11 Operating System,256 GB SSD,Intel Core i5 Processor (12th Gen),34.29 cm (13.5 Inch) Touchscreen Display
HP AMD Ryzen 5 Hexa Core 5600H - (8 GB/512 GB SSD/Windows 11 Home/AMD Radeon AMD) 15-fb0153AX Gaming L...,"₹77,015",8 GB DDR4 RAM,Windows 11 Operating System,512 GB SSD,AMD Ryzen 5 Hexa Core Processor,39.62 cm (15.6 Inch) Display
"ASUS Vivobook 16X (2025) for Creator with Office 2024 + M365 Basic, Intel Core i5 13th Gen 13420H - (1...","₹92,476",16 GB DDR4 RAM,Windows 11 Home Operating System,512 GB SSD,Intel Core i5 Processor (13th Gen),40.64 cm (16 Inch) Display
HP 255 G10 (2025) AMD Athlon Dual Core 7120U - (8 GB/256 GB SSD/Windows 11 Pro) 255 G10 Thin and Light...,"₹48,590",8 GB DDR4 RAM,64 bit Windows 11 Operating System,256 GB SSD,AMD Athlon Dual Core Processor,39.62 cm (15.6 Inch) Display
Colorful P15 Intel Core i7 13th Gen 13620H - (16 GB/512 GB SSD/Windows 11 Home/8 GB Graphics/NVIDIA Ge...,"₹1,39,999",16 GB DDR5 RAM,Windows 11 Operating System,512 GB SSD,Intel Core i7 Processor (13th Gen),39.62 cm (15.6 Inch) Display
"ASUS Vivobook S15 OLED Powered, Intel EVO H Series, AI PC, Full Metal Body, Intel Core Ultra 9 185H - ...","₹1,19,990",16 GB LPDDR5X RAM,Windows 11 Operating System,1 TB SSD,Intel Core Ultra 9 Processor,39.62 cm (15.6 Inch) Display
"ASUS Zenbook S14 OLED (2024) AI PC, with Touchscreen, Metal Body, Backlit Keyboard, Intel Core Ultra 7...","₹1,70,470",32 GB LPDDR5X RAM,Windows 11 Operating System,1 TB SSD,Intel Core Ultra 7 Processor,35.56 cm (14 Inch) Touchscreen Display
Acer Predator Helios Neo 16 Intel Core i7 14th Gen 14700HX - (16 GB/1 TB SSD/Windows 11 Home/8 GB Grap...,"₹1,79,990",16 GB DDR5 RAM,Windows 11 Operating System,1 TB SSD,Intel Core i7 Processor (14th Gen),40.64 cm (16 Inch) Display
Colorful P15 Intel Core i7 13th Gen 13620H - (16 GB/512 GB SSD/Windows 11 Home/8 GB Graphics/NVIDIA Ge...,"₹1,19,999",16 GB DDR5 RAM,64 bit Windows 11 Operating System,512 GB SSD,Intel Core i7 Processor (13th Gen),39.62 cm (15.6 Inch) Display
HP 15s Intel Core i5 12th Gen - (8 GB/512 GB SSD/Windows 11 Home) 15S-FQ5202TU Thin and Light Laptop,"₹69,410",8 GB DDR4 RAM,Windows 11 Operating System,512 GB SSD,Intel Core i5 Processor (12th Gen),39.62 cm (15.6 Inch) Display
ASUS Vivobook 15 Intel Core i5 13th Gen 1335U - (8 GB/512 GB SSD/Windows 11 Home) X1504VA-NJ523WS Thin...,"₹69,590",8 GB DDR4 RAM,Windows 11 Operating System,512 GB SSD,Intel Core i5 Processor (13th Gen),39.62 cm (15.6 Inch) Display
"DELL Inspiron 15 with Backlit Keyboard, Intel Core i3 12th Gen 1215U - (8 GB/512 GB SSD/Windows 11 Hom...","₹50,800",8 GB DDR4 RAM,64 bit Windows 11 Operating System,512 GB SSD,Intel Core i3 Processor (12th Gen),39.62 cm (15.6 Inch) Display
Lenovo Ultra 5 225U Intel Core Ultra 5 225U - (16 GB/1 TB SSD/Windows 11 Home) 21SKA0FTIG Laptop,"₹1,10,999",16 GB DDR5 RAM,Windows 11 Operating System,1 TB SSD,Intel Core Ultra 5 Processor,40.64 cm (16 inch) Display
ASUS ROG Zephyrus G16 (2025) with Office 2024 + M365 Basic* Intel Core Ultra 9 285H - (32 GB/2 TB SSD/...,"₹3,59,990",32 GB LPDDR5X RAM,Windows 11 Home Operating System,2 TB SSD,Intel Core Ultra 9 Processor,40.64 cm (16 Inch) Display
HP 15s Intel Core i3 11th Gen 1115G4 - (8 GB/512 GB SSD/Windows 11 Home) 15s-fq2674TU Thin and Light L...,"₹57,990",8 GB DDR4 RAM,64 bit Windows 11 Home Operating System,512 GB SSD,Intel Core i3 Processor (11th Gen),39.62 cm (15.6 Inch) Display
Acer Chromebook Plus Google AI Intel Core i3 N305 - (8 GB/256 GB SSD/Chrome OS) CB514-4H-39T7 Chromebo...,"₹49,999",8 GB LPDDR5 RAM,64 bit Chrome Operating System,256 GB SSD,Intel Core i3 Processor,35.56 cm (14 Inch) Display
HP 255 G9 AMD Ryzen 3 Dual Core R3 3250 - (8 GB/512 GB SSD/Windows 11 Home) 255 G8 Thin and Light Lapt...,"₹52,990",8 GB DDR4 RAM,Windows 11 Operating System,512 GB SSD,AMD Ryzen 3 Dual Core Processor,39.62 cm (15.6 Inch) Display
HP Victus Intel Core i7 12th Gen 12650H - (16 GB/512 GB SSD/Windows 11 Home/4 GB Graphics/NVIDIA GeFor...,"₹1,01,705",16 GB DDR4 RAM,64 bit Windows 11 Operating System,512 GB SSD,Intel Core i7 Processor (12th Gen),39.62 cm (15.6 Inch) Display
ASUS ExpertBook P1 (i7 14th Gen) with 1 Yr ADP Intel Core 7 240H - (16 GB/512 GB SSD/Windows 11 Home) ...,"₹94,080",16 GB DDR5 RAM,64 bit Windows 11 Home Operating System,512 GB SSD,Intel Core 7 Processor,39.62 cm (15.6 Inch) Display
DELL Intel Core i3 12th Gen 1215U - (8 GB/256 GB SSD/Windows 11 Home) Inspiron 3520 Thin and Light Lap...,"₹50,639",8 GB DDR4 RAM,Windows 11 Operating System,256 GB SSD,Intel Core i3 Processor (12th Gen),39.62 cm (15.6 Inch) Display
Acer NITRO V 16S (i5 14th Gen) Intel Core 5 210H - (16 GB/512 GB SSD/Windows 11 Home/8 GB Graphics/NVI...,"₹1,18,000",16 GB DDR5 RAM,64 bit Windows 11 Home Operating System,512 GB SSD,Intel Core 5 Processor,40.64 cm (16 Inch) Display
HP AMD Ryzen 5 Hexa Core - (16 GB/512 GB SSD/Windows 11 Home) 15S-EQ2305AU Laptop,"₹69,950",16 GB DDR4 RAM,Windows 11 Home Operating System,512 GB SSD,AMD Ryzen 5 Hexa Core Processor,39.62 cm (15.6 Inch) Display
Acer Aspire Lite Intel Core i7 13th Gen 13620H - (16 GB/512 GB SSD/Windows 11 Home) AL15-52H Thin and ...,"₹81,990",16 GB LPDDR5 RAM,64 bit Windows 11 Home Operating System,512 GB SSD,Intel Core i7 Processor (13th Gen),39.62 cm (15.6 Inch) Display
DELL Inspiron 14 Snapdragon X Plus - (16 GB/512 GB SSD/Windows 11 Home) 7441 Plus Thin and Light Lapto...,"₹89,900",16 GB LPDDR5X RAM,64 bit Windows 11 Home Operating System,512 GB SSD,Snapdragon X Plus Processor,35.56 cm (14 Inch) Touchscreen Display
Primebook 2 Max (2025) in-Built AI MediaTek Helio G99 (MT8781) - (8 GB/256 GB/Android 15) PBG9915256#3...,"₹34,990",8 GB LPDDR4X RAM,64 bit Android Operating System,,MediaTek Helio G99 (MT8781) Processor,39.62 cm (15.6 Inch) Display
Acer Nitro 5 AMD Ryzen 5 Hexa Core 5600H - (8 GB/512 GB SSD/Windows 11 Home/4 GB Graphics/NVIDIA GeFor...,"₹79,999",8 GB DDR4 RAM,64 bit Windows 11 Operating System,512 GB SSD,AMD Ryzen 5 Hexa Core Processor,39.62 cm (15.6 Inch) Display
HP Omnibook 3 2K WUXGA Snapdragon X - (16 GB/512 GB SSD/Windows 11 Home) Omnibook 3 14-hz0026QU Laptop,"₹91,990",16 GB LPDDR5X RAM,Windows 11 Home Operating System,512 GB SSD,Snapdragon X Processor,35.56 cm (14 inch) Display
ASUS Expertbook > Intel Core i3 13th Gen 1315U - (8 GB/512 GB SSD/DOS) B1403CVA-S60002 Thin and Light ...,"₹59,990",8 GB DDR5 RAM,DOS Operating System,512 GB SSD,Intel Core i3 Processor (13th Gen),35.56 cm (14 inch) Display
DELL 15 (Previously Inspiron) AI Powered Intel Core Ultra 7 225H - (16 GB/512 GB SSD/Windows 11 Home) ...,"₹1,03,990",16 GB DDR5 RAM,Windows 11 Home Operating System,512 GB SSD,Intel Core Ultra 7 Processor,39.62 cm (15.6 inch) Display
ASUS Vivobook Pro 16X OLED (2021) AMD Ryzen 9 Octa Core 5900HX - (16 GB/1 TB SSD/Windows 10 Home/4 GB ...,"₹1,62,990",16 GB DDR4 RAM,64 bit Windows 10 Operating System,1 TB SSD,AMD Ryzen 9 Octa Core Processor,40.64 cm (16 Inch) Display
"ASUS Vivobook 14 Flip OLED (2026) with Touch Screen, Metallic Design, Intel Core Ultra 5 226V - (16 GB...","₹1,05,990",16 GB LPDDR5X RAM,Windows 11 Home Operating System,512 GB SSD,Intel Core Ultra 5 Processor,35.56 cm (14 Inch) Touchscreen Display
"ASUS Vivobook 16X For Creator, Intel H Series Intel Core i5 12th Gen 12450H - (16 GB/512 GB SSD/Window...","₹98,990",16 GB DDR4 RAM,Windows 11 Operating System,512 GB SSD,Intel Core i5 Processor (12th Gen),40.64 cm (16 Inch) Display
Lenovo Ultra 5 225U Intel Core Ultra 5 225U - (16 GB/1 TB SSD/Windows 11 Home) 21SKA0FTIG Laptop,"₹1,10,999",16 GB DDR5 RAM,Windows 11 Operating System,1 TB SSD,Intel Core Ultra 5 Processor,40.64 cm (16 inch) Display
ASUS Vivobook 14 Intel Core i3 13th Gen 1315U - (8 GB/512 GB SSD/Windows 11 Home) X1404VA-NK321WS Thin...,"₹58,999",8 GB DDR4 RAM,64 bit Windows 11 Operating System,512 GB SSD,Intel Core i3 Processor (13th Gen),35.56 cm (14 Inch) Display
MSI Katana 15 Intel Core i5 13th Gen 13420H - (16 GB/1 TB SSD/Windows 11 Home/6 GB Graphics/NVIDIA GeF...,"₹97,990",16 GB DDR5 RAM,64 bit Windows 11 Operating System,1 TB SSD,Intel Core i5 Processor (13th Gen),39.62 cm (15.6 Inch) Display
HP Victus Intel Core i5 13th Gen 13420H - (16 GB/512 GB SSD/Windows 11 Home/4 GB Graphics/NVIDIA GeFor...,"₹89,999",16 GB DDR4 RAM,Windows 11 Home Operating System,512 GB SSD,Intel Core i5 Processor (13th Gen),39.62 cm (15.6 Inch) Display
ASUS Vivobook 14 (2025) with Office 2024 + M365 Basic* (i5 14th Gen) Intel Core 5 120U - (16 GB/512 GB...,"₹69,999",16 GB DDR4 RAM,Windows 11 Home Operating System,512 GB SSD,Intel Core 5 Processor,35.56 cm (14 Inch) Display
Acer Aspire 3 Intel Celeron Dual Core - (8 GB/512 GB SSD/Windows 11 Home) A311-45 Thin and Light Lapto...,"₹39,990",8 GB DDR4 RAM,64 bit Windows 11 Home Operating System,512 GB SSD,Intel Celeron Dual Core Processor,2.54 cm (1 inch) Display
Acer Aspire 3 Intel Core i5 12th Gen 1235U - (16 GB/512 GB SSD/Windows 11 Home) A315-59 Thin and Light...,"₹69,515",16 GB DDR4 RAM,64 bit Windows 11 Operating System,512 GB SSD,Intel Core i5 Processor (12th Gen),39.62 cm (15.6 Inch) Display
HP 14 with Backlit Keyboard & MSO'2024 Intel Core i7 13th Gen 1355U - (16 GB/512 GB SSD/Windows 11 Hom...,"₹84,990",16 GB DDR4 RAM,Windows 11 Home Operating System,512 GB SSD,Intel Core i7 Processor (13th Gen),35.56 cm (14 inch) Display
ASUS Expertbook P1 with 1 Yr ADP(i3 14th Gen) Intel Core 3 13th Gen 1315U - (8 GB/512 GB SSD/Windows 1...,"₹59,702",8 GB DDR5 RAM,Windows 11 Home Operating System,512 GB SSD,Intel Core 3 Processor (13th Gen),39.62 cm (15.6 Inch) Display
Samsung Galaxy Book5 AI Metal Intel Core Ultra 7 255U - (32 GB/1 TB SSD/Windows 11 Home) NP750XHD Thin...,"₹1,46,990",32 GB LPDDR5X RAM,64 bit Windows 11 Operating System,1 TB SSD,Intel Core Ultra 7 Processor,39.62 cm (15.6 Inch) Display
HP {2026} AMD Ryzen 5 Hexa Core 7535U - (8 GB/512 GB SSD/Windows 11 Home) 255R G10 Laptop,"₹56,765",8 GB DDR5 RAM,Windows 11 Home Operating System,512 GB SSD,AMD Ryzen 5 Hexa Core Processor,39.62 cm (15.6 inch) Display
HP OmniBook 7 Aero (Previously Pavilion) AMD Ryzen AI 7 Octa Core AI 7 350 - (16 GB/512 GB SSD/Windows...,"₹1,06,308",16 GB LPDDR5X RAM,Windows 11 Operating System,512 GB SSD,AMD Ryzen AI 7 Octa Core Processor,33.78 cm (13.3 Inch) Display
HP 250 G9 Intel Core i5 12th Gen 1235U - (16 GB/512 GB SSD/Windows 11 Home) 250 G9 Laptop,"₹68,999",16 GB DDR4 RAM,64 bit Windows 11 Operating System,512 GB SSD,Intel Core i5 Processor (12th Gen),39.62 cm (15.6 Inch) Display
Lenovo V 15 (2025) Intel Core i5 12th Gen 1235U - (16 GB/512 GB SSD/Windows 11 Home) V 15 Thin and Lig...,"₹68,999",16 GB DDR4 RAM,64 bit Windows 11 Home Operating System,512 GB SSD,Intel Core i5 Processor (12th Gen),39.62 cm (15.6 Inch) Display
ASUS Vivobook Go 14 AMD Ryzen 3 Quad Core 7320U - (8 GB/512 GB SSD/Windows 11 Home) E1404FA-NK325WS Th...,"₹50,999",8 GB LPDDR5 RAM,Windows 11 Operating System,512 GB SSD,AMD Ryzen 3 Quad Core Processor,35.56 cm (14 Inch) Display
ASUS ROG Zephyrus G14 (2025) with Office 2024 + M365 Basic* AMD Ryzen 9 Octa Core - (16 GB/1 TB SSD/Wi...,"₹1,99,990",16 GB LPDDR5X RAM,Windows 11 Home Operating System,1 TB SSD,AMD Ryzen 9 Octa Core Processor,35.56 cm (14 Inch) Display
DELL 14 (2025) (1 Year Accidental Damage Protection Warranty) Intel Core i3 13th Gen 1305U - (8 GB/512...,"₹54,990",8 GB DDR5 RAM,64 bit Windows 11 Operating System,512 GB SSD,Intel Core i3 Processor (13th Gen),35.56 cm (14 Inch) Display
"ASUS Vivobook 15 (2025) (i5 14th Gen) with MSO 2024 + M365 Basic*, Backlit Keyboard, Intel Core 5 120U...","₹69,990",16 GB DDR4 RAM,Windows 11 Home Operating System,512 GB SSD,Intel Core 5 Processor,39.62 cm (15.6 Inch) Display
HP AMD Ryzen 5 Hexa Core - (16 GB/512 GB SSD/Windows 11 Home) 15S-EQ2305AU Laptop,"₹69,950",16 GB DDR4 RAM,Windows 11 Home Operating System,512 GB SSD,AMD Ryzen 5 Hexa Core Processor,39.62 cm (15.6 inch) Display
HP Intel Pentium Quad Core N6000 - (8 GB/512 GB SSD/Windows 11 Home) 15s-fq3073TU Thin and Light Lapto...,"₹52,890",8 GB DDR4 RAM,Windows 11 Operating System,512 GB SSD,Intel Pentium Quad Core Processor,39.62 cm (15.6 inch) Display
Infinix Intel Core i7 11th Gen 1195G7 - (16 GB/1 TB SSD/Windows 11 Home) INBook X2 Plus Core i7 Thin a...,"₹89,990",16 GB LPDDR4X RAM,Windows 11 Operating System,1 TB SSD,Intel Core i7 Processor (11th Gen),39.62 cm (15.6 Inch) Display
Lenovo V 14 (2025) Intel Core i3 13th Gen 1315U - (16 GB/512 GB SSD/Windows 11 Pro) V 14 Thin and Ligh...,"₹75,990",16 GB DDR4 RAM,64 bit Windows 11 Operating System,512 GB SSD,Intel Core i3 Processor (13th Gen),35.56 cm (14 Inch) Display
Infinix Intel Core i7 11th Gen 1195G7 - (16 GB/1 TB SSD/Windows 11 Home) INBook X2 Plus Core i7 Thin a...,"₹89,990",16 GB LPDDR4X RAM,Windows 11 Operating System,1 TB SSD,Intel Core i7 Processor (11th Gen),39.62 cm (15.6 Inch) Display
DELL Intel Core i3 13th Gen 1305U - (8 GB/512 GB SSD/Windows 11 Home) Inspiron 3530 Thin and Light Lap...,"₹50,000",8 GB DDR4 RAM,Windows 11 Operating System,512 GB SSD,Intel Core i3 Processor (13th Gen),39.62 cm (15.6 Inch) Display
Lenovo Ultra 5 225U Intel Core Ultra 5 225U - (16 GB/1 TB SSD/Windows 11 Home) 21SKA0FTIG Laptop,"₹1,10,999",16 GB DDR5 RAM,Windows 11 Operating System,1 TB SSD,Intel Core Ultra 5 Processor,40.64 cm (16 inch) Display
DELL 15 AMD Ryzen 5 Quad Core 7520U - (8 GB/512 GB SSD/Windows 11 Home) 3535 Thin and Light Laptop,"₹54,420",8 GB LPDDR5 RAM,Windows 11 Operating System,512 GB SSD,AMD Ryzen 5 Quad Core Processor,39.62 cm (15.6 Inch) Display
Acer Swift Go 14 AI Office 2024 + M365 Basic Snapdragon X Plus - (16 GB/512 GB SSD/Windows 11 Home) SF...,"₹1,09,358",16 GB LPDDR5X RAM,Windows 11 Operating System,512 GB SSD,Snapdragon X Plus Processor,36.83 cm (14.5 Inch) Display
Lenovo IdeaPad Pro 5 AMD Ryzen 7 Octa Core 8845HS - (16 GB/1 TB SSD/Windows 11 Home/6 GB Graphics/NVID...,"₹1,60,000",16 GB LPDDR5X RAM,Windows 11 Operating System,1 TB SSD,AMD Ryzen 7 Octa Core Processor,40.64 cm (16 Inch) Display
Lenovo IdeaPad 3 Intel Intel Core i3 11th Gen - (8 GB/512 GB SSD/Windows 11 Home) 81X800LAIN Thin and ...,"₹37,890",8 GB DDR4 RAM,Windows 11 Operating System,512 GB SSD,Intel Core i3 Processor (11th Gen),39.62 cm (15.6 Inch) Display
"HP OmniBook 5 Backlit Keyboard & MSO'2024, Intel Core i5 13th Gen 1334U - (16 GB/512 GB SSD/Windows 11...","₹85,000",16 GB LPDDR5X RAM,Windows 11 Operating System,512 GB SSD,Intel Core i5 Processor (13th Gen),40.64 cm (16 Inch) Display
"DELL Inspiron 15 with Backlit Keyboard, Intel Core i5 12th Gen 1235U - (8 GB/512 GB SSD/Windows 11 Hom...","₹65,999",8 GB DDR4 RAM,64 bit Windows 11 Operating System,512 GB SSD,Intel Core i5 Processor (12th Gen),39.62 cm (15.6 Inch) Display
Acer Intel Core i3 12th Gen 1215U - (16 GB/512 GB SSD/Windows 11 Home) A324-51 Thin and Light Laptop,"₹62,499",16 GB DDR4 RAM,Windows 11 Operating System,512 GB SSD,Intel Core i3 Processor (12th Gen),35.56 cm (14 Inch) Display
HP Envy x360 AMD Ryzen 5 Hexa Core 7530U - (16 GB/512 GB SSD/Windows 11 Home) 15-fh0016AU Laptop,"₹99,004",16 GB LPDDR4X RAM,Windows 11 Operating System,512 GB SSD,AMD Ryzen 5 Hexa Core Processor,39.62 cm (15.6 Inch) Touchscreen Display
DELL Alienware Intel Core i7 12th Gen 12700H - (16 GB/1 TB SSD/Windows 11 Home/6 GB Graphics/NVIDIA Ge...,"₹3,20,926",16 GB DDR5 RAM,64 bit Windows 11 Operating System,1 TB SSD,Intel Core i7 Processor (12th Gen),39.62 cm (15.6 Inch) Display
ASUS Expertbook P1 with 1 Yr ADP(i3 14th Gen) Intel Core 3 13th Gen 1315U - (8 GB/512 GB SSD/Windows 1...,"₹47,990",8 GB DDR5 RAM,Windows 11 Home Operating System,512 GB SSD,Intel Core 3 Processor (13th Gen),35.56 cm (14 Inch) Display
Samsung Galaxy Book4 (i5 14th Gen) Intel Core 5 120U - (8 GB/512 GB SSD/Windows 11 Home) NP750XGK Thin...,"₹86,239",8 GB LPDDR4X RAM,Windows 11 Operating System,512 GB SSD,Intel Core 5 Processor,39.62 cm (15.6 Inch) Display
ASUS TUF Gaming F16 (i5 14th Gen) Intel Core 5 210H - (16 GB/512 GB SSD/Windows 11 Home/4 GB Graphics/...,"₹1,05,500",16 GB DDR4 RAM,Windows 11 Home Operating System,512 GB SSD,Intel Core 5 Processor,40.64 cm (16 Inch) Display
ASUS Vivobook 14 (2025) with Office 2024 + M365 Basic* Intel Core i5 13th Gen 1334U - (16 GB/512 GB SS...,"₹65,990",16 GB DDR4 RAM,Windows 11 Home Operating System,512 GB SSD,Intel Core i5 Processor (13th Gen),35.56 cm (14 Inch) Display
ASUS Chromebook Flip Touch MediaTek Kompanio 500 - (4 GB/128 GB EMMC Storage/Chrome OS) CM3000DVA-HT00...,"₹40,999",4 GB LPDDR4X RAM,Chrome Operating System,,MediaTek Kompanio 500 Processor,26.67 cm (10.5 Inch) Touchscreen Display
MSI Cyborg 15 AI PC Intel Core Ultra 7 155H - (16 GB/1 TB SSD/Windows 11 Home/6 GB Graphics/NVIDIA GeF...,"₹1,07,990",16 GB DDR5 RAM,Windows 11 Operating System,1 TB SSD,Intel Core Ultra 7 Processor,39.62 cm (15.6 Inch) Display
HP Professional Intel Core i5 13th Gen 1334U - (16 GB/1 TB SSD/Windows 11 Pro) 240 G10 Notebook,"₹82,990",16 GB DDR4 RAM,64 bit Windows 11 Operating System,1 TB SSD,Intel Core i5 Processor (13th Gen),35.56 cm (14 Inch) Display
HP Victus Intel Core i5 13th Gen 13420H - (16 GB/512 GB SSD/Windows 11 Home/6 GB Graphics/NVIDIA GeFor...,"₹97,999",16 GB DDR4 RAM,Windows 11 Home Operating System,512 GB SSD,Intel Core i5 Processor (13th Gen),39.62 cm (15.6 Inch) Display
"ASUS Vivobook 15, with Backlit Keyboard, Intel Core i5 12th Gen 1235U - (16 GB/512 GB SSD/Windows 11 H...","₹69,990",16 GB DDR4 RAM,Windows 11 Operating System,512 GB SSD,Intel Core i5 Processor (12th Gen),39.62 cm (15.6 Inch) Display
ASUS ZenBook Pro 15 Intel Core i9 8th Gen 8950HK - (16 GB/1 TB SSD/Windows 10 Home/4 GB Graphics) UX58...,"₹2,09,990",16 GB DDR4 RAM,64 bit Windows 10 Operating System,1 TB SSD,Intel Core i9 Processor (8th Gen),39.62 cm (15.6 Inch) Touchscreen Display
Lenovo IdeaPad Gaming 3 AMD Ryzen 7 Octa Core 5800H - (8 GB/512 GB SSD/Windows 11 Home/4 GB Graphics/N...,"₹63,390",8 GB DDR4 RAM,64 bit Windows 11 Operating System,512 GB SSD,AMD Ryzen 7 Octa Core Processor,39.62 cm (15.6 Inch) Display
ASUS ExpertBook B14 Intel Core i3 12th Gen 1215U - (8 GB/512 GB SSD/Windows 11 Home) B1402CBA-NK1494WS...,"₹65,990",8 GB DDR4 RAM,Windows 11 Operating System,512 GB SSD,Intel Core i3 Processor (12th Gen),35.56 cm (14 Inch) Display
ASUS Expertbook P5 full metal AI PC with 1 Yr ADP Intel Core Ultra 7 258V - (32 GB/1 TB SSD/Windows 11...,"₹1,39,990",32 GB LPDDR5X RAM,Windows 11 Home Operating System,1 TB SSD,Intel Core Ultra 7 Processor,35.56 cm (14 Inch) Display
WarnerCann Hi5 pro Plus Intel Core i5 12th Gen 12600H - (16 GB + 32 GB Optane/256 GB SSD/Windows 11 Pr...,"₹43,686",16 GB DDR4 RAM,64 bit Windows 11 Operating System,256 GB SSD,Intel Core i5 Processor (12th Gen),35.56 cm (14 inch) Display
DELL Inspiron with Backlit Keyboard and Fingerprint Sensor Intel Core Ultra 5 125H - (16 GB/512 GB SSD...,"₹1,01,613",16 GB LPDDR5 RAM,Windows 11 Operating System,512 GB SSD,Intel Core Ultra 5 Processor,40.64 cm (16 Inch) Display
HP Laptop Intel Core i3 11th Gen 1115G4 - (8 GB/512 GB SSD/Windows 11 Home) 15s-fq2672TU Thin and Ligh...,"₹55,090",8 GB DDR4 RAM,64 bit Windows 11 Home Operating System,512 GB SSD,Intel Core i3 Processor (11th Gen),39.62 cm (15.6 Inch) Display
Lenovo Ultra 5 225U Intel Core Ultra 5 225U - (16 GB/1 TB SSD/Windows 11 Home) 21SKA0FTIG Laptop,"₹1,10,999",16 GB DDR5 RAM,Windows 11 Operating System,1 TB SSD,Intel Core Ultra 5 Processor,40.64 cm (16 inch) Display
"ASUS Vivobook S14 (2025) with Office 2024 + M365 Basic*, Backlit Keyboard, Intel Core i5 13th Gen 1342...","₹78,921",16 GB DDR5 RAM,Windows 11 Home Operating System,512 GB SSD,Intel Core i5 Processor (13th Gen),35.56 cm (14 Inch) Display
ASUS Vivobook 15 Intel Core i3 13th Gen 1315U - (8 GB/512 GB SSD/Windows 11 Home) X1504VA-NJ321WS Thin...,"₹60,769",8 GB DDR4 RAM,Windows 11 Operating System,512 GB SSD,Intel Core i3 Processor (13th Gen),39.62 cm (15.6 Inch) Display
"ASUS Vivobook 16 (2025) with Office 2024 + M365 Basic, AI PC Intel Core Ultra 5 Series 2 225H - (16 GB...","₹81,990",16 GB DDR5 RAM,Windows 11 Home Operating System,512 GB SSD,Intel Core Ultra 5 Processor (Series 2),40.64 cm (16 Inch) Display
MSI Thin A15 AMD Ryzen 7 Octa Core 7735HS - (16 GB/1 TB SSD/Windows 11 Home/4 GB Graphics/NVIDIA GeFor...,"₹92,990",16 GB DDR5 RAM,64 bit Windows 11 Operating System,1 TB SSD,AMD Ryzen 7 Octa Core Processor,39.62 cm (15.6 Inch) Display
HP 255R G10 (2026) Professional DDR5 5600Mhz AMD Ryzen 5 Hexa Core - (8 GB/512 GB SSD/Windows 11 Pro) ...,"₹58,991",8 GB DDR5 RAM,64 bit Windows 11 Operating System,512 GB SSD,AMD Ryzen 5 Hexa Core Processor,39.62 cm (15.6 Inch) Display
Lenovo ThinkBook AMD Ryzen 5 Hexa Core 7530U - (16 GB/512 GB SSD/Windows 11 Home) ThinkBook 16 G6 Thin...,"₹69,400",16 GB DDR4 RAM,Windows 11 Operating System,512 GB SSD,AMD Ryzen 5 Hexa Core Processor,40.64 cm (16 Inch) Display
MOTOROLA Motobook 60 Full Metal OLED (i7 14th Gen) Intel Core 7 Series 2 240H - (16 GB/512 GB SSD/Wind...,"₹74,990",16 GB DDR5 RAM,64 bit Windows 11 Operating System,512 GB SSD,Intel Core 7 Processor (Series 2),35.56 cm (14 Inch) Display
HP Victus Intel Core i5 12th Gen 12450H - (8 GB/512 GB SSD/Windows 11 Home/Intel Integrated NVIDIA® Ge...,"₹89,990",8 GB DDR4 RAM,Windows 11 Home Operating System,512 GB SSD,Intel Core i5 Processor (12th Gen),39.62 cm (15.6 Inch) Display
ASUS VivoBook 14 Intel Core i5 13th Gen 1335U - (8 GB/512 GB SSD/Windows 11 Home) X1404VA-NK521WS Thin...,"₹69,999",8 GB DDR4 RAM,Windows 11 Operating System,512 GB SSD,Intel Core i5 Processor (13th Gen),35.56 cm (14 Inch) Display
HP 250R G10 (2025) (i3 14th Gen) Intel Core 3 14th Gen 100U - (16 GB/512 GB SSD/Windows 11 Pro) 250R G...,"₹65,990",16 GB DDR4 RAM,64 bit Windows 11 Operating System,512 GB SSD,Intel Core 3 Processor (14th Gen),39.62 cm (15.6 Inch) Display
HP 15s AMD Ryzen 5 Hexa Core 5500U - (8 GB/512 GB SSD/Windows 11 Home) 15s- eq2144au Thin and Light La...,"₹54,552",8 GB DDR4 RAM,64 bit Windows 11 Operating System,512 GB SSD,AMD Ryzen 5 Hexa Core Processor,39.62 cm (15.6 Inch) Display
"ASUS Vivobook 15 (2025) with Office 2024 + M365 Basic*, Intel Core i3 13th Gen 1315U - (8 GB/512 GB SS...","₹55,500",8 GB DDR4 RAM,Windows 11 Home Operating System,512 GB SSD,Intel Core i3 Processor (13th Gen),39.62 cm (15.6 Inch) Display
Acer Aspire 3 (2025) Intel Core i3 13th Gen 1305U - (8 GB/512 GB SSD/Windows 11 Home) A325-53 Thin and...,"₹47,990",8 GB DDR4 RAM,Windows 11 Operating System,512 GB SSD,Intel Core i3 Processor (13th Gen),39.62 cm (15.6 Inch) Display
MSI Creator Z17 HX Studio Intel Core i7 14th Gen 14700HX - (32 GB/2 TB SSD/Windows 11 Pro/8 GB Graphic...,"₹3,04,990",32 GB DDR5 RAM,Windows 11 Operating System,2 TB SSD,Intel Core i7 Processor (14th Gen),43.18 cm (17 Inch) Touchscreen Display
DELL Latitude 3540 Intel Core i3 12th Gen - (8 GB/512 GB SSD/Ubuntu) Latitude 3540 Laptop,"₹50,000",8 GB DDR4 RAM,Linux/Ubuntu Operating System,512 GB SSD,Intel Core i3 Processor (12th Gen),39.62 cm (15.6 Inch) Display
HP 255 G10 AMD Athlon Dual Core 7120U - (8 GB/256 GB SSD/Windows 11 Home) 255 G10 Thin and Light Lapto...,"₹46,990",8 GB LPDDR5 RAM,64 bit Windows 11 Operating System,256 GB SSD,AMD Athlon Dual Core Processor,39.62 cm (15.6 Inch) Display
MSI Creator Z17 HX Studio Intel Core i7 14th Gen 14700HX - (32 GB/2 TB SSD/Windows 11 Pro/8 GB Graphic...,"₹2,99,990",32 GB DDR5 RAM,Windows 11 Operating System,2 TB SSD,Intel Core i7 Processor (14th Gen),43.18 cm (17 Inch) Touchscreen Display
ASUS ROG Zephyrus G14 with 76WHr Battery AMD Ryzen 9 Octa Core 5900HS - (16 GB/1 TB SSD/Windows 10 Hom...,"₹1,48,990",16 GB DDR4 RAM,Windows 10 Operating System,1 TB SSD,AMD Ryzen 9 Octa Core Processor,35.56 cm (14 Inch) Display
Lenovo IdeaPad 1 Intel Celeron Dual Core N4020 - (4 GB/256 GB SSD/Windows 11 Home) 11IGL05 Thin and Li...,"₹27,290",4 GB DDR4 RAM,64 bit Windows 11 Operating System,256 GB SSD,Intel Celeron Dual Core Processor,29.46 cm (11.6 Inch) Display
"ASUS Vivobook Go 14, Equivalent to Intel 12th Gen, Intel Core i3 N305 - (8 GB/512 GB SSD/Windows 11 Ho...","₹60,000",8 GB DDR4 RAM,Windows 11 Operating System,512 GB SSD,Intel Core i3 Processor,35.56 cm (14 Inch) Display
ASUS Expertbook P1 with 1 Yr ADP Intel Core i5 13th Gen 13420H - (32 GB/512 GB SSD/Windows 11 Home) P1...,"₹71,990",32 GB DDR5 RAM,Windows 11 Home Operating System,512 GB SSD,Intel Core i5 Processor (13th Gen),39.62 cm (15.6 Inch) Display
Lenovo V SERIES Intel Core i5 12th Gen 1235U - (8 GB/512 GB SSD/Windows 11 Home) V15 Thin and Light La...,"₹59,999",8 GB DDR4 RAM,Windows 11 Operating System,512 GB SSD,Intel Core i5 Processor (12th Gen),40.64 cm (16 Inch) Display
Acer Swift Neo OLED AI PC Intel Core Ultra 5 - (16 GB/1 TB SSD/Windows 11 Home) UN.35GSI.004 / UN.35GS...,"₹87,890",16 GB LPDDR5 RAM,64 bit Windows 11 Home Operating System,1 TB SSD,Intel Core Ultra 5 Processor,2.54 cm (1 inch) Display
Lenovo Ultra 5 225U Intel Core Ultra 5 225U - (16 GB/1 TB SSD/Windows 11 Home) 21SKA0FTIG Laptop,"₹1,10,999",16 GB DDR5 RAM,Windows 11 Operating System,1 TB SSD,Intel Core Ultra 5 Processor,40.64 cm (16 inch) Display
DELL Inspiron Intel Core i3 11th Gen 1115G4 - (8 GB/1 TB HDD/256 GB SSD/Windows 11 Home) Inspiron 3511...,"₹50,998",8 GB DDR4 RAM,64 bit Windows 11 Operating System,1 TB HDD|256 GB SSD,Intel Core i3 Processor (11th Gen),39.62 cm (15.6 Inch) Display
HP 250R G10 (2025) (i3 14th Gen) Intel Core 3 14th Gen 100U - (16 GB/512 GB SSD/Windows 11 Home) 250R ...,"₹62,990",16 GB DDR4 RAM,64 bit Windows 11 Home Operating System,512 GB SSD,Intel Core 3 Processor (14th Gen),39.62 cm (15.6 Inch) Display
HP Intel Core i5 13th Gen 1334U - (16 GB/512 GB SSD/Windows 11 Home) 15-fd0316TU Thin and Light Laptop,"₹69,999",16 GB DDR4 RAM,Windows 11 Operating System,512 GB SSD,Intel Core i5 Processor (13th Gen),39.62 cm (15.6 Inch) Display
ASUS Vivobook GO 15 OLED AMD Ryzen 5 Quad Core 7520U - (16 GB/512 GB SSD/Windows 11 Home) E1504FAB-LK5...,"₹68,500",16 GB LPDDR5 RAM,Windows 11 Operating System,512 GB SSD,AMD Ryzen 5 Quad Core Processor,39.62 cm (15.6 Inch) Display
Samsung Galaxy Book4 Pro 360 Evo AI PC Intel Core Ultra 7 155H - (16 GB/1 TB SSD/Windows 11 Home) NP96...,"₹1,75,099",16 GB LPDDR5X RAM,64 bit Windows 11 Operating System,1 TB SSD,Intel Core Ultra 7 Processor,40.64 cm (16 Inch) Touchscreen Display
HP 240 G9 Intel Core i5 12th Gen 1235U - (8 GB/512 GB SSD/Windows 11 Pro) 240 G9 Business Laptop,"₹67,980",8 GB DDR4 RAM,64 bit Windows 11 Operating System,512 GB SSD,Intel Core i5 Processor (12th Gen),35.56 cm (14 Inch) Display
"ASUS Vivobook 15 (2025) with Office 2024 + M365 Basic*, Backlit Keyboard, Intel Core i3 13th Gen 1315U...","₹58,100",8 GB DDR5 RAM,Windows 11 Home Operating System,512 GB SSD,Intel Core i3 Processor (13th Gen),39.62 cm (15.6 Inch) Display
HP Pavilion Intel Core i7 13th Gen 1355U - (16 GB/1 TB SSD/Windows 11 Home) 14-ew0153TU Thin and Light...,"₹1,06,000",16 GB LPDDR5X RAM,64 bit Windows 11 Operating System,1 TB SSD,Intel Core i7 Processor (13th Gen),35.56 cm (14 Inch) Display
Acer Swift 3 Intel Core i5 8th Gen 8265U - (8 GB/512 GB SSD/Windows 10 Home/2 GB Graphics) SF314-55G T...,"₹62,589",8 GB DDR4 RAM,64 bit Windows 10 Operating System,512 GB SSD,Intel Core i5 Processor (8th Gen),35.56 cm (14 Inch) Display
Primebook 2 Pro (2025) in-Built AI MediaTek Helio G99 (MT8781) - (8 GB/128 GB/Android 15) PBG9914128#3...,"₹29,990",8 GB LPDDR4X RAM,64 bit Android Operating System,,MediaTek Helio G99 (MT8781) Processor,35.81 cm (14.1 Inch) Display
Lenovo V 15 (2025) Intel Core i3 12th Gen 1215U - (8 GB/512 GB SSD/Windows 11 Pro) V 15 Thin and Light...,"₹54,999",8 GB DDR4 RAM,64 bit Windows 11 Operating System,512 GB SSD,Intel Core i3 Processor (12th Gen),39.62 cm (15.6 Inch) Display
"ASUS Vivobook 15, with Backlit Keyboard, Intel Core i7 13th Gen 13620H - (16 GB/512 GB SSD/Windows 11 ...","₹64,990",16 GB DDR4 RAM,Windows 11 Home Operating System,512 GB SSD,Intel Core i7 Processor (13th Gen),39.62 cm (15.6 Inch) Display
Infinix X1 Slim Series Intel Core i5 10th Gen 1035G1 - (16 GB/512 GB SSD/Windows 11 Home) XL21 Thin an...,"₹64,999",16 GB LPDDR4X RAM,64 bit Windows 11 Operating System,512 GB SSD,Intel Core i5 Processor (10th Gen),35.56 cm (14 Inch) Display
HP 15 (2025) AMD Ryzen 5 Quad Core 7520U - (8 GB/512 GB SSD/Windows 11 Pro) 15 Thin and Light Laptop,"₹55,476",8 GB DDR4 RAM,64 bit Windows 11 Operating System,512 GB SSD,AMD Ryzen 5 Quad Core Processor,39.62 cm (15.6 Inch) Display
HP Intel Core 3 14th Gen Intel® Core™ 3 100U processor - (8 GB/512 GB SSD/Windows 11 Home) FD0883TU Th...,"₹58,102",8 GB DDR5 RAM,Windows 11 Home Operating System,512 GB SSD,Intel Core 3 Processor (14th Gen),39.62 cm (15.6 inch) Display
Infinix Intel Core i7 10th Gen 1065G7 - (8 GB/512 GB SSD/Windows 11 Home/128 MB Graphics) XL21 Thin an...,"₹64,990",8 GB LPDDR4X RAM,Windows 11 Operating System,512 GB SSD,Intel Core i7 Processor (10th Gen),35.56 cm (14 Inch) Display
Avita PURA E 14 AMD Ryzen 5 Quad Core 3rd Gen - (8 GB/512 GB SSD/Windows 11 Home) NS14A6INV561-SGC Thi...,"₹51,490",8 GB DDR4 RAM,Windows 11 Operating System,512 GB SSD,AMD Ryzen 5 Quad Core Processor (3rd Gen),35.81 cm (14.1 Inch) Display
Lenovo IdeaPad Slim 5 WUXGA IPS AI PC with 1Yr ADP Intel Core Ultra 5 125H - (16 GB/512 GB SSD/Windows...,"₹95,999",16 GB LPDDR5X RAM,64 bit Windows 11 Operating System,512 GB SSD,Intel Core Ultra 5 Processor,35.56 cm (14 Inch) Display
HP Pavilion 15 Intel Core i3 12th Gen 1215U - (8 GB/512 GB SSD/Windows 11 Home) 15-eg2017TU Thin and L...,"₹54,597",8 GB DDR4 RAM,Windows 11 Operating System,512 GB SSD,Intel Core i3 Processor (12th Gen),39.62 cm (15.6 inch) Display
HP Touch Chromebook MediaTek MT8183 - (4 GB/32 GB EMMC Storage/Chrome OS) 11MK G9 Chromebook,"₹36,998",4 GB LPDDR4X RAM,Chrome Operating System,,MediaTek MT8183 Processor,29.46 cm (11.6 Inch) Touchscreen Display
Acer Predator Helios 300 Intel Core i7 11th Gen 11800H - (16 GB/1 TB HDD/512 GB SSD/Windows 10 Home/6 ...,"₹1,40,990",16 GB DDR4 RAM,Windows 10 Operating System,1 TB HDD|512 GB SSD,Intel Core i7 Processor (11th Gen),39.62 cm (15.6 Inch) Display
Acer Aspire 3 Intel Core i5 13th Gen 1334U - (8 GB/512 GB SSD/Windows 11 Home) A324-53 Thin and Light ...,"₹67,330",8 GB DDR4 RAM,Windows 11 Operating System,512 GB SSD,Intel Core i5 Processor (13th Gen),35.56 cm (14 Inch) Display
ASUS ExpertBook P1 Intel Core i5 13th Gen 13420H - (16 GB/512 GB SSD/Windows 11 Home) P1503CVA-S70611W...,"₹82,954",16 GB DDR5 RAM,64 bit Windows 11 Home Operating System,512 GB SSD,Intel Core i5 Processor (13th Gen),39.62 cm (15.6 Inch) Display
Lenovo IdeaPad Slim 3 Intel Core i3 13th Gen 1315U - (8 GB/512 GB SSD/Windows 11 Home) IdeaPad Slim 3 ...,"₹54,990",8 GB LPDDR5 RAM,Windows 11 Home Operating System,512 GB SSD,Intel Core i3 Processor (13th Gen),39.62 cm (15.6 Inch) Display
HP 15s AMD Ryzen 7 Octa Core 5700U - (16 GB/512 GB SSD/Windows 11 Home) 15s- ey2001au Thin and Light L...,"₹72,980",16 GB DDR4 RAM,64 bit Windows 11 Operating System,512 GB SSD,AMD Ryzen 7 Octa Core Processor,39.62 cm (15.6 Inch) Display
Lenovo Ultra 5 225U Intel Core Ultra 5 225U - (16 GB/1 TB SSD/Windows 11 Home) 21SKA0FTIG Laptop,"₹1,10,999",16 GB DDR5 RAM,Windows 11 Operating System,1 TB SSD,Intel Core Ultra 5 Processor,40.64 cm (16 inch) Display
Acer Aspire 7 Intel Core i5 12th Gen 1240P - (8 GB/512 GB SSD/Windows 11 Home/4 GB Graphics/NVIDIA GeF...,"₹88,999",8 GB DDR4 RAM,64 bit Windows 11 Operating System,512 GB SSD,Intel Core i5 Processor (12th Gen),39.62 cm (15.6 Inch) Display
DELL Intel Core i5 12th Gen 1235U - (16 GB/512 GB SSD/Windows 11 Home) Inspiron 3520 Thin and Light La...,"₹70,999",16 GB DDR4 RAM,Windows 11 Operating System,512 GB SSD,Intel Core i5 Processor (12th Gen),39.62 cm (15.6 Inch) Display
HP 15R (2025) Intel Core i3 13th Gen 1315U - (8 GB/512 GB SSD/Windows 11 Pro) 15R G9 Thin and Light La...,"₹57,990",8 GB DDR4 RAM,64 bit Windows 11 Operating System,512 GB SSD,Intel Core i3 Processor (13th Gen),39.62 cm (15.6 Inch) Display
Acer Aspire Lite Intel Core i3 12th Gen 1215U - (8 GB/512 GB SSD/Windows 11 Home) AL15-52 Thin and Lig...,"₹51,990",8 GB DDR4 RAM,64 bit Windows 11 Home Operating System,512 GB SSD,Intel Core i3 Processor (12th Gen),39.62 cm (15.6 Inch) Display
Acer Swift Neo Office 2024 + M365 Basic Intel Core Ultra 7 155U - (16 GB/512 GB SSD/Windows 11 Home) S...,"₹97,999",16 GB LPDDR5 RAM,64 bit Windows 11 Home Operating System,512 GB SSD,Intel Core Ultra 7 Processor,35.56 cm (14 Inch) Display
ASUS Vivobook 15 Intel Core i5 12th Gen 1235U - (16 GB/512 GB SSD/Windows 11 Home) X1504ZA-NJ549WS Thi...,"₹78,999",16 GB DDR4 RAM,64 bit Windows 11 Operating System,512 GB SSD,Intel Core i5 Processor (12th Gen),39.62 cm (15.6 Inch) Display
ASUS ROG Zephyrus G16 AI PC Intel Core Ultra 7 155H - (16 GB/1 TB SSD/Windows 11 Home/8 GB Graphics/NV...,"₹1,99,000",16 GB LPDDR5X RAM,Windows 11 Home Operating System,1 TB SSD,Intel Core Ultra 7 Processor,40.64 cm (16 Inch) Display
DELL Dell Inspiron 3525 AMD Ryzen 5 5500U - (8 GB/512 GB SSD/Windows 11 Home) D560838WIN9B Thin and Li...,"₹53,940",8 GB DDR4 RAM,Windows 11 Operating System,512 GB SSD,AMD Ryzen 5 Processor,39.62 cm (15.6 Inch) Display
Acer Nitro AMD Ryzen 5 Hexa Core 5600H - (8 GB/1 TB HDD/256 GB SSD/Windows 11 Home/4 GB Graphics/NVIDI...,"₹99,999",8 GB DDR4 RAM,64 bit Windows 11 Home Operating System,1 TB HDD|256 GB SSD,AMD Ryzen 5 Hexa Core Processor,39.62 cm (15.6 Inch) Display
Acer Aspire 3 Backlit Intel Core i3 12th Gen 1215U - (8 GB/512 GB SSD/Windows 11 Home) A324-51 Thin an...,"₹56,991",8 GB DDR4 RAM,64 bit Windows 11 Operating System,512 GB SSD,Intel Core i3 Processor (12th Gen),35.56 cm (14 Inch) Display
HP 15s Intel Core i3 11th Gen 1115G4 - (8 GB/512 GB SSD/Windows 10 Home) 15s-FQ2072TU Thin and Light L...,"₹57,890",8 GB DDR4 RAM,64 bit Windows 10 Operating System,512 GB SSD,Intel Core i3 Processor (11th Gen),39.62 cm (15.6 inch) Display
DELL Inspiron Intel Core i5 11th Gen 1135G7 - (16 GB/512 GB SSD/Windows 11 Home) INSPIRON 3511 Thin an...,"₹68,999",16 GB DDR4 RAM,64 bit Windows 11 Operating System,512 GB SSD,Intel Core i5 Processor (11th Gen),39.62 cm (15.6 Inch) Display
HP 250R G9 (2024) Intel Core i3 13th Gen 1315U - (8 GB/512 GB SSD/Windows 11 Home) 250R G9 Thin and Li...,"₹54,990",8 GB DDR4 RAM,Windows 11 Home Operating System,512 GB SSD,Intel Core i3 Processor (13th Gen),39.62 cm (15.6 Inch) Display
Infinix X3 Slim Intel Intel Core i7 12th Gen 1255U - (16 GB/512 GB SSD/Windows 11 Home) XL422 Thin and...,"₹69,990",16 GB LPDDR4X RAM,Windows 11 Operating System,512 GB SSD,Intel Core i7 Processor (12th Gen),35.56 cm (14 Inch) Display
Infinix X1 Slim Series Intel Core i5 10th Gen 1035G1 - (8 GB/512 GB SSD/Windows 11 Home) XL21 Thin and...,"₹59,999",8 GB LPDDR4X RAM,64 bit Windows 11 Operating System,512 GB SSD,Intel Core i5 Processor (10th Gen),35.56 cm (14 Inch) Display
Acer Aspire 7 Intel Core i5 13th Gen 13420H - (16 GB/512 GB SSD/Windows 11 Home/6 GB Graphics/NVIDIA G...,"₹89,500",16 GB DDR4 RAM,Windows 11 Operating System,512 GB SSD,Intel Core i5 Processor (13th Gen),39.62 cm (15.6 Inch) Display
HP 240R G10 (2026) Professional (i3 14th Gen) Intel Core 3 14th Gen 100U - (16 GB/512 GB SSD/Windows 1...,"₹69,990",16 GB DDR4 RAM,64 bit Windows 11 Home Operating System,512 GB SSD,Intel Core 3 Processor (14th Gen),35.56 cm (14 Inch) Display
HP Intel Core i7 12th Gen 1255U - (16 GB/512 GB SSD/Windows 11 Home) 15-ew0047TU Thin and Light Laptop,"₹88,000",16 GB DDR4 RAM,64 bit Windows 11 Operating System,512 GB SSD,Intel Core i7 Processor (12th Gen),39.62 cm (15.6 Inch) Touchscreen Display
"ASUS Vivobook Go 15 (2025) with Office 2024 + M365 Basic*, Backlit Keyboard, AMD Ryzen 3 Quad Core 732...","₹58,999",16 GB LPDDR5 RAM,Windows 11 Home Operating System,512 GB SSD,AMD Ryzen 3 Quad Core Processor,39.62 cm (15.6 Inch) Display
Lenovo Ultra 5 225U Intel Core Ultra 5 225U - (16 GB/1 TB SSD/Windows 11 Home) 21SKA0FTIG Laptop,"₹1,10,999",16 GB DDR5 RAM,Windows 11 Operating System,1 TB SSD,Intel Core Ultra 5 Processor,40.64 cm (16 inch) Display
"ASUS Vivobook 16X for Creator, Intel Core i7 12th Gen 12700H - (16 GB/512 GB SSD/Windows 11 Home/4 GB ...","₹96,000",16 GB DDR4 RAM,Windows 11 Operating System,512 GB SSD,Intel Core i7 Processor (12th Gen),40.64 cm (16 Inch) Display
Lenovo Legion 5 Intel Core i7 14th Gen 14650HX - (16 GB/1 TB SSD/Windows 11 Home/6 GB Graphics/NVIDIA ...,"₹1,84,690",16 GB DDR5 RAM,Windows 11 Operating System,1 TB SSD,Intel Core i7 Processor (14th Gen),40.64 cm (16 Inch) Display
ASUS ASUS Vivobook 16 Intel Core i5 13th Gen 13420H - (16 GB/512 GB SSD/Windows 11 Home) X1605VA-SH195...,"₹78,199",16 GB DDR4 RAM,Windows 11 Home Operating System,512 GB SSD,Intel Core i5 Processor (13th Gen),40.64 cm (16 inch) Display
ASUS Chromebook Plus Intel Core i3 12th Gen 1215U - (8 GB/128 GB/Chrome OS) CX3402CBA-PQ0173 Chromeboo...,"₹46,990",8 GB LPDDR5 RAM,Chrome Operating System,,Intel Core i3 Processor (12th Gen),35.56 cm (14 Inch) Display
HP 15 with MSO'2024 AMD Ryzen 3 Quad Core 7320U - (8 GB/512 GB SSD/Windows 11 Home) 15-fc0025AU | 15-f...,"₹52,990",8 GB DDR4 RAM,64 bit Windows 11 Operating System,512 GB SSD,AMD Ryzen 3 Quad Core Processor,39.62 cm (15.6 Inch) Display
HP 255R G10 (2026) Professional DDR5 5600Mhz AMD Ryzen 3 Quad Core 7335U - (8 GB/512 GB SSD/Windows 11...,"₹53,990",8 GB DDR5 RAM,64 bit Windows 11 Home Operating System,512 GB SSD,AMD Ryzen 3 Quad Core Processor,39.62 cm (15.6 Inch) Display
Lenovo Chromebook Intel Pentium Quad Core N100 - (4 GB/128 GB EMMC Storage/Chrome OS) 14IAN8 Chromeboo...,"₹29,190",4 GB LPDDR5 RAM,Chrome Operating System,,Intel Pentium Quad Core Processor,35.56 cm (14 Inch) Display
HP Pavilion Aero AMD Ryzen 7 Octa Core 7735U - (16 GB/1 TB SSD/Windows 11 Home) 13-BE2048AU Thin and L...,"₹99,999",16 GB LPDDR5 RAM,Windows 11 Operating System,1 TB SSD,AMD Ryzen 7 Octa Core Processor,33.78 cm (13.3 Inch) Display
"HP HP 15, AMD Ryzen 7 AMD Ryzen 7 7th Gen 7735HS - (16 GB/512 GB SSD/Windows 11 Home) fc1038AU Laptop","₹74,990",16 GB DDR5 RAM,Windows 11 Home Operating System,512 GB SSD,AMD Ryzen 7 Processor (7th Gen),39.62 cm (15.6 inch) Display
ASUS Vivobook AMD Ryzen 3 Quad Core 7320U - (8 GB/1 TB SSD/Windows 11 Home) E1404FA-NK331W Thin and Li...,"₹56,991",8 GB LPDDR5 RAM,Windows 11 Operating System,1 TB SSD,AMD Ryzen 3 Quad Core Processor,35.56 cm (14 Inch) Display
ASUS TUF Gaming F15 - AI Powered Gaming Intel Core i5 11th Gen 11400H - (8 GB/512 GB SSD/Windows 11 Ho...,"₹77,999",8 GB DDR4 RAM,Windows 11 Operating System,512 GB SSD,Intel Core i5 Processor (11th Gen),39.62 cm (15.6 Inch) Display
HP Chromebook Intel Celeron Dual Core N4500 - (4 GB/256 GB SSD/Windows 10 Home) 14s-dq3017TU Chromeboo...,"₹52,839",4 GB LPDDR4X RAM,64 bit Windows 10 Operating System,256 GB SSD,Intel Celeron Dual Core Processor,35.56 cm (14 inch) Display
HP 15 (i5 14th Gen) Intel Core 5 120U - (16 GB/512 GB SSD/Windows 11 Home) FD0682TU Thin and Light Lap...,"₹72,998",16 GB DDR4 RAM,Windows 11 Home Operating System,512 GB SSD,Intel Core 5 Processor,39.62 cm (15.6 inch) Display
Apple 2021 Macbook Pro M1 Pro - (16 GB/1 TB SSD/Mac OS Monterey) MKGQ3HN/A,"₹2,39,900",16 GB Unified Memory RAM,Mac OS Operating System,1 TB SSD,Apple M1 Pro Processor,36.07 cm (14.2 Inch) Display
ASUS Chromebook CX15 Intel Celeron Dual Core N4500 - (8 GB/128 GB EMMC Storage/Chrome OS) CX1505CKA-S7...,"₹40,048",8 GB LPDDR4X RAM,Chrome Operating System,,Intel Celeron Dual Core Processor,39.62 cm (15.6 Inch) Display
Samsung Galaxy Book6 Intel Core Ultra 5 Series 3 325 - (16 GB/512 GB SSD/Windows 11 Home) NP740VJG Thi...,"₹1,12,990",16 GB LPDDR5X RAM,64 bit Windows 11 Home Operating System,512 GB SSD,Intel Core Ultra 5 Processor (Series 3),35.56 cm (14 inch) Display
HP 15s Intel Core i5 11th Gen 1135G7 - (8 GB/512 GB SSD/Windows 10 Home) 15s-FQ2535TU Thin and Light L...,"₹66,688",8 GB DDR4 RAM,64 bit Windows 10 Operating System,512 GB SSD,Intel Core i5 Processor (11th Gen),39.62 cm (15.6 Inch) Display
Acer Aspire 3 AMD Ryzen 3 Dual Core 5th Gen - (8 GB/512 GB SSD/Windows 11 Home) AS15-42 Laptop,"₹44,897",8 GB SDR RAM,64 bit Windows 11 Home Operating System,512 GB SSD,AMD Ryzen 3 Dual Core Processor (5th Gen),39.62 cm (15.6 inch) Display
Infinix Y4 Max Series Intel Core i5 13th Gen 1335U - (16 GB/512 GB SSD/Windows 11 Home) YL613 Thin and...,"₹69,999",16 GB LPDDR4X RAM,Windows 11 Operating System,512 GB SSD,Intel Core i5 Processor (13th Gen),40.64 cm (16 Inch) Display
Acer Aspire Lite AMD Ryzen 3 Quad Core - (8 GB/512 GB SSD/Windows 11 Home) AL15-41 Thin and Light Lapt...,"₹47,990",8 GB DDR4 RAM,Windows 11 Operating System,512 GB SSD,AMD Ryzen 3 Quad Core Processor,39.62 cm (15.6 inch) Display
Acer Aspire 15 AMD Ryzen 5 Hexa Core - (16 GB/512 GB SSD/Windows 11 Home) UN.34QSI.002 / UN.35MSI.OOD ...,"₹65,938",16 GB DDR4 RAM,64 bit Windows 11 Operating System,512 GB SSD,AMD Ryzen 5 Hexa Core Processor,2.54 cm (1 inch) Display
Acer Aspire 3 Intel Celeron Dual Core - (8 GB/256 GB SSD/Windows 11 Home) A311-45 Thin and Light Lapto...,"₹36,500",8 GB DDR4 RAM,64 bit Windows 11 Home Operating System,256 GB SSD,Intel Celeron Dual Core Processor,29.46 cm (11.6 Inch) Display
ASUS Vivobook S14 (2025)(i5 14th Gen) with Office 2024 + M365 Basic* Backlit Keyboard Intel Core 5 210...,"₹87,763",16 GB DDR5 RAM,Windows 11 Home Operating System,512 GB SSD,Intel Core 5 Processor,35.56 cm (14 Inch) Display
Lenovo Ultra 5 225U Intel Core Ultra 5 225U - (16 GB/1 TB SSD/Windows 11 Home) 21SKA0FTIG Laptop,"₹1,10,999",16 GB DDR5 RAM,Windows 11 Operating System,1 TB SSD,Intel Core Ultra 5 Processor,40.64 cm (16 inch) Display
Acer Predator Helios 16 Intel Core i9 14th Gen 14900HX - (16 GB/1 TB SSD/Windows 11 Home/8 GB Graphics...,"₹1,99,990",16 GB DDR5 RAM,Windows 11 Operating System,1 TB SSD,Intel Core i9 Processor (14th Gen),40.64 cm (16 Inch) Display
Acer One Intel Core i3 11th Gen 1115G4 - (8 GB/256 GB SSD/Windows 11 Home) One 14 Z8-415 Thin and Ligh...,"₹49,999",8 GB DDR4 RAM,64 bit Windows 11 Operating System,256 GB SSD,Intel Core i3 Processor (11th Gen),35.56 cm (14 Inch) Display
MSI Venture A16 AI+ AMD Ryzen 7 Octa Core - (16 GB/1 TB SSD/Windows 11 Home) Venture A16 AI+ A3HMG-037...,"₹1,20,990",16 GB DDR5 RAM,64 bit Windows 11 Operating System,1 TB SSD,AMD Ryzen 7 Octa Core Processor,40.64 cm (16 Inch) Display
Apple MacBook Pro Intel Core i5 8th Gen - (8 GB/512 GB SSD/Mac OS Mojave) MV972HN/A,"₹1,79,900",8 GB DDR3 RAM,Mac OS Operating System,512 GB SSD,Intel Core i5 Processor (8th Gen),33.78 cm (13.3 Inch) Display
ASUS Vivobook 15 Intel Core i5 12th Gen 1235U - (8 GB/512 GB SSD/Windows 11 Home) X1502ZA-EJ515WS Thin...,"₹65,483",8 GB DDR4 RAM,64 bit Windows 11 Operating System,512 GB SSD,Intel Core i5 Processor (12th Gen),39.62 cm (15.6 Inch) Display
HP AMD Ryzen 5 Quad Core - (8 GB/512 GB SSD/Windows 11 Home) 14-em0026AU Thin and Light Laptop,"₹58,946",8 GB LPDDR5 RAM,Windows 11 Home Operating System,512 GB SSD,AMD Ryzen 5 Quad Core Processor,35.56 cm (14 inch) Display
Acer Nitro V AMD Ryzen 5 Hexa Core 6600H - (16 GB/512 GB SSD/Windows 11 Home/6 GB Graphics/NVIDIA GeFo...,"₹1,08,999",16 GB DDR5 RAM,64 bit Windows 11 Operating System,512 GB SSD,AMD Ryzen 5 Hexa Core Processor,39.62 cm (15.6 inch) Display
HP AMD Ryzen 3 Quad Core - (8 GB/512 GB SSD/Windows 11 Home) 15-fc0025AU Thin and Light Laptop,"₹55,353",8 GB DDR4 RAM,Windows 11 Home Operating System,512 GB SSD,AMD Ryzen 3 Quad Core Processor,39.62 cm (15.6 inch) Display
"ASUS Gaming V16 (2025) with Office 2024 + M365 Basic*, AI PC, (i7 14th gen) Intel Core 7 240H - (16 GB...","₹92,990",16 GB DDR5 RAM,Windows 11 Home Operating System,512 GB SSD,Intel Core 7 Processor,40.64 cm (16 Inch) Display
HP Intel Core i3 11th Gen - (8 GB/512 GB SSD/Windows 11 Home) 15S-FR2515TU Laptop,"₹52,126",8 GB DDR4 RAM,Windows 11 Operating System,512 GB SSD,Intel Core i3 Processor (11th Gen),39.62 cm (15.6 Inch) Display
Acer Aspire 3 Backlit Intel Core i3 12th Gen 1215U - (8 GB/512 GB SSD/Windows 11 Home) A324-51 Thin an...,"₹51,500",8 GB DDR4 RAM,64 bit Windows 11 Operating System,512 GB SSD,Intel Core i3 Processor (12th Gen),35.56 cm (14 Inch) Display
HP 250R G9 Intel Core i3 13th Gen 1315U - (16 GB/512 GB SSD/Windows 11 Pro) 250R G9 Business Laptop,"₹59,899",16 GB DDR4 RAM,64 bit Windows 11 Operating System,512 GB SSD,Intel Core i3 Processor (13th Gen),39.62 cm (15.6 Inch) Display
"Apple MacBook Air (M5, 2026) M5 - (16 GB/1 TB SSD/Tahoe) MDHF4HN/A","₹1,85,900",16 GB Unified Memory RAM,Mac OS Operating System,1 TB SSD,Apple M5 Processor,34.54 cm (13.6 inch) Display
HP 14R (2025) Intel Core i3 13th Gen 1315U - (16 GB/512 GB SSD/Windows 11 Pro) 14R G9 Thin and Light L...,"₹69,990",16 GB DDR4 RAM,64 bit Windows 11 Operating System,512 GB SSD,Intel Core i3 Processor (13th Gen),35.56 cm (14 Inch) Display
Acer Aspire 7 Intel Core i5 12th Gen 1240P - (8 GB/512 GB SSD/Windows 11 Home/4 GB Graphics/NVIDIA GeF...,"₹89,999",8 GB DDR4 RAM,64 bit Windows 11 Operating System,512 GB SSD,Intel Core i5 Processor (12th Gen),39.62 cm (15.6 Inch) Display
Acer Swift Go 14 OLED EVO Intel Core i7 13th Gen 13700H - (16 GB/1 TB SSD/Windows 11 Home) SFG14-71-70...,"₹1,10,999",16 GB LPDDR5 RAM,64 bit Windows 11 Home Operating System,1 TB SSD,Intel Core i7 Processor (13th Gen),35.56 cm (14 Inch) Display
"ASUS Vivobook Go 15, 12th Gen, Equivalent to Intel 12th Gen, Intel Core i3 N305 - (8 GB/512 GB SSD/Win...","₹58,391",8 GB DDR4 RAM,Windows 11 Operating System,512 GB SSD,Intel Core i3 Processor,39.62 cm (15.6 Inch) Display
Infinix INBook X2 Plus Intel Core i7 11th Gen 1195G7 - (16 GB/512 GB SSD/Windows 11 Home) XL25 Thin an...,"₹79,990",16 GB LPDDR4X RAM,64 bit Windows 11 Operating System,512 GB SSD,Intel Core i7 Processor (11th Gen),39.62 cm (15.6 Inch) Display
MSI Prestige 13 Evo Intel Core i5 12th Gen 1240P - (8 GB/512 GB SSD/Windows 11 Home) Prestige 13 Evo A...,"₹1,06,990",8 GB LPDDR5 RAM,Windows 11 Operating System,512 GB SSD,Intel Core i5 Processor (12th Gen),33.78 cm (13.3 Inch) Display
Acer Chromebook Intel Celeron Dual Core N4500 - (4 GB/64 GB EMMC Storage/Chrome OS) C734-C2ED Chromebo...,"₹22,690",4 GB LPDDR4X RAM,Chrome Operating System,,Intel Celeron Dual Core Processor,29.46 cm (11.6 Inch) Display
Infinix Intel Core i7 10th Gen 1065G7 - (8 GB/512 GB SSD/Windows 11 Home/128 MB Graphics) XL21 Thin an...,"₹64,990",8 GB LPDDR4X RAM,Windows 11 Operating System,512 GB SSD,Intel Core i7 Processor (10th Gen),35.56 cm (14 Inch) Display
ASUS Vivobook Go 14 (2025) with Office 2024 + M365 Basic* AMD Ryzen 5 Quad Core 7520U - (8 GB/512 GB S...,"₹59,990",8 GB LPDDR5 RAM,Windows 11 Home Operating System,512 GB SSD,AMD Ryzen 5 Quad Core Processor,35.56 cm (14 Inch) Display
HP G9 Intel Core i3 13th Gen 1315U - (16 GB/512 GB SSD/Windows 11 Pro) 250R G9 Business Laptop,"₹59,900",16 GB DDR4 RAM,64 bit Windows 11 Operating System,512 GB SSD,Intel Core i3 Processor (13th Gen),39.62 cm (15.6 Inch) Display
HP Intel Core i5 12th Gen 1235U - (8 GB/512 GB SSD/Windows 11 Home) 15s-fq5202TU Thin and Light Laptop,"₹65,164",8 GB DDR4 RAM,Windows 11 Operating System,512 GB SSD,Intel Core i5 Processor (12th Gen),39.62 cm (15.6 inch) Display
Lenovo Intel Core i5 12th Gen - (16 GB/512 GB SSD/Windows 11 Home) 83EQ005VIN Thin and Light Laptop,"₹79,235",16 GB LPDDR5 RAM,Windows 11 Home Operating System,512 GB SSD,Intel Core i5 Processor (12th Gen),35.56 cm (14 Inch) Display
Lenovo Ultra 5 225U Intel Core Ultra 5 225U - (16 GB/1 TB SSD/Windows 11 Home) 21SKA0FTIG Laptop,"₹1,10,999",16 GB DDR5 RAM,Windows 11 Operating System,1 TB SSD,Intel Core Ultra 5 Processor,40.64 cm (16 inch) Display
Acer Swift Go 14Office 2024 + M365 Basic AMD Ryzen 7 Octa Core 7730U - (16 GB/512 GB SSD/Windows 11 Ho...,"₹79,999",16 GB LPDDR4X RAM,64 bit Windows 11 Operating System,512 GB SSD,AMD Ryzen 7 Octa Core Processor,35.56 cm (14 Inch) Display
ASUS Intel Core i5 13th Gen - (8 GB/512 GB SSD/Windows 11 Home) X1504VA-NJ522WS Laptop,"₹65,299",8 GB DDR4 RAM,Windows 11 Operating System,512 GB SSD,Intel Core i5 Processor (13th Gen),39.62 cm (15.6 Inch) Display
Samsung Galaxy Book4 Pro Evo AI PC Intel Core Ultra 7 155H - (16 GB/512 GB SSD/Windows 11 Home) NP960X...,"₹1,72,489",16 GB LPDDR5X RAM,64 bit Windows 11 Operating System,512 GB SSD,Intel Core Ultra 7 Processor,40.64 cm (16 Inch) Touchscreen Display
Acer Swift Go 14 AMD Ryzen 7 Octa Core 7730U - (16 GB/1 TB SSD/Windows 11 Home) SFG14-41 Thin and Ligh...,"₹84,999",16 GB LPDDR4X RAM,Windows 11 Operating System,1 TB SSD,AMD Ryzen 7 Octa Core Processor,35.56 cm (14 Inch) Display
HP 255 G10 (2024) AMD Ryzen 3 Quad Core 7320U - (8 GB/512 GB SSD/Windows 11 Home) 250 G10 Thin and Lig...,"₹52,990",8 GB DDR4 RAM,64 bit Windows 11 Operating System,512 GB SSD,AMD Ryzen 3 Quad Core Processor,39.62 cm (15.6 inch) Display
Acer AMD Ryzen 3 5300U processor AMD Ryzen 3 Quad Core 5th Gen Ryzen 3 5300U - (8 GB/512 GB SSD/Window...,"₹45,990",8 GB DDR4 RAM,Windows 11 Home Operating System,512 GB SSD,AMD Ryzen 3 Quad Core Processor (5th Gen),39.62 cm (15.6 inch) Display
"ASUS Zenbook S 14 OLED (2024) - Next-Gen AI PC, with Touchscreen, Intel Core Ultra 7 - (32 GB/1 TB SSD...","₹1,65,011",32 GB LPDDR5X RAM,Windows 11 Operating System,1 TB SSD,Intel Core Ultra 7 Processor,35.56 cm (14 Inch) Touchscreen Display
"HP OmniBook 5 Flip with Touchscreen, Backlit Keyboard & MSO'2024, Intel Core i5 13th Gen 1334U - (16 G...","₹87,888",16 GB LPDDR5 RAM,Windows 11 Home Operating System,512 GB SSD,Intel Core i5 Processor (13th Gen),35.56 cm (14 Inch) Display
HP Victus AMD Ryzen 5 Hexa Core 5600H - (16 GB/512 GB SSD/Windows 11 Home/4 GB Graphics/AMD Radeon RX ...,"₹63,628",16 GB DDR4 RAM,64 bit Windows 11 Operating System,512 GB SSD,AMD Ryzen 5 Hexa Core Processor,39.62 cm (15.6 Inch) Display
"ASUS Vivobook S14 OLED (2026) AI PC with Office 2024 + M365 Basic*, Copilot+ PC Intel Core Ultra 5 Ser...","₹1,19,990",16 GB DDR5 RAM,Windows 11 Home Operating System,512 GB SSD,Intel Core Ultra 5 Processor (Series 3),35.56 cm (14 inch) Display
Lenovo THINKBOOK 16 AMD Ryzen 5 Hexa Core 7th Gen 7535HS - (8 GB/512 GB SSD/Windows 11 Home) 21MWA0AJI...,"₹69,999",8 GB LPDDR5 RAM,64 bit Windows 11 Home Operating System,512 GB SSD,AMD Ryzen 5 Hexa Core Processor (7th Gen),40.64 cm (16 Inch) Display
HP 245 G8 AMD Ryzen 3 Dual Core 3250U - (8 GB/1 TB HDD/Windows 11 Home) 245 G8 Thin and Light Laptop,"₹48,766",8 GB DDR4 RAM,64 bit Windows 11 Operating System,,AMD Ryzen 3 Dual Core Processor,35.56 cm (14 Inch) Display
Lenovo ThinkBook 15 Intel Core i7 12th Gen 1255U - (16 GB/512 GB SSD/Windows 11 Home) TB15 G4 IAP Thin...,"₹86,500",16 GB DDR4 RAM,Windows 11 Operating System,512 GB SSD,Intel Core i7 Processor (12th Gen),39.62 cm (15.6 Inch) Display
Infinix GT Book Intel Core i5 12th Gen 12450H - (16 GB/512 GB SSD/Windows 11 Home/6 GB Graphics/NVIDIA...,"₹99,990",16 GB LPDDR5 RAM,64 bit Windows 11 Operating System,512 GB SSD,Intel Core i5 Processor (12th Gen),40.64 cm (16 Inch) Display
"ASUS Vivobook Go 15 (2025) with Office 2024 + M365 Basic*, Backlit Keyboard, Intel Celeron Dual Core N...","₹49,998",8 GB DDR4 RAM,Windows 11 Home Operating System,512 GB SSD,Intel Celeron Dual Core Processor,39.62 cm (15.6 Inch) Display
Samsung Galaxy Book4 Pro Evo AI PC Intel Core Ultra 7 155H - (32 GB/1 TB SSD/Windows 11 Home) NP960XGK...,"₹2,09,289",32 GB LPDDR5X RAM,64 bit Windows 11 Operating System,1 TB SSD,Intel Core Ultra 7 Processor,40.64 cm (16 Inch) Touchscreen Display
HP Intel Core i3 13th Gen 1315U - (8 GB/512 GB SSD/Windows 11 Home) 15-fd0568TU Thin and Light Laptop,"₹58,190",8 GB DDR4 RAM,Windows 11 Home Operating System,512 GB SSD,Intel Core i3 Processor (13th Gen),39.62 cm (15.6 Inch) Display
HP 15 G10 (2025) AMD Ryzen 3 Quad Core 7320U - (8 GB/512 GB SSD/Windows 11 Home) 15 G10 Thin and Light...,"₹52,990",8 GB DDR4 RAM,64 bit Windows 11 Home Operating System,512 GB SSD,AMD Ryzen 3 Quad Core Processor,39.62 cm (15.6 Inch) Display
"DELL Inspiron 15 3520 with Backlit Keyboard, Intel Core i5 12th Gen - (16 GB/512 GB SSD/Windows 11 Hom...","₹70,999",16 GB DDR4 RAM,64 bit Windows 11 Operating System,512 GB SSD,Intel Core i5 Processor (12th Gen),39.62 cm (15.6 Inch) Display
Acer Aspire One Intel Celeron Dual Core N4500 - (12 GB/500 GB SSD/Windows 11 Home) A114-45 Thin and Li...,"₹41,990",12 GB LPDDR4X RAM,64 bit Windows 11 Operating System,500 GB SSD,Intel Celeron Dual Core Processor,35.56 cm (14 Inch) Display
HP Pavilion AMD Ryzen 5 Hexa Core 5500U - (8 GB/512 GB SSD/Windows 10 Home) 14-ec0035AU Thin and Light...,"₹67,931",8 GB DDR4 RAM,64 bit Windows 10 Operating System,512 GB SSD,AMD Ryzen 5 Hexa Core Processor,35.56 cm (14 Inch) Display
Lenovo Ideapad Slim 3 Intel Intel Core i3 10th Gen 1005G1 - (8 GB/512 GB SSD/Windows 11 Home) 81WE01QL...,"₹35,997",8 GB DDR4 RAM,64 bit Windows 10 Operating System,512 GB SSD,Intel Core i3 Processor (10th Gen),39.62 cm (15.6 Inch) Display
Acer Aspire 7 Intel Core i5 12th Gen 12450H - (16 GB/512 GB SSD/Windows 11 Home/4 GB Graphics/NVIDIA G...,"₹75,900",16 GB DDR4 RAM,Windows 11 Operating System,512 GB SSD,Intel Core i5 Processor (12th Gen),39.62 cm (15.6 Inch) Display
Lenovo Ultra 5 225U Intel Core Ultra 5 225U - (16 GB/1 TB SSD/Windows 11 Home) 21SKA0FTIG Laptop,"₹1,10,999",16 GB DDR5 RAM,Windows 11 Operating System,1 TB SSD,Intel Core Ultra 5 Processor,40.64 cm (16 inch) Display
Lenovo Ideapad Slim 3i Intel Intel Core i5 11th Gen 1135G7 - (8 GB/256 GB SSD/Windows 10 Home) 15ITL6/...,"₹49,999",8 GB DDR4 RAM,64 bit Windows 10 Operating System,256 GB SSD,Intel Core i5 Processor (11th Gen),39.62 cm (15.6 Inch) Display
Lenovo Ideapad 330s Intel Core i5 8th Gen 8250U - (4 GB/1 TB HDD/Windows 10 Home/4 GB Graphics) 330S-1...,"₹62,594",4 GB DDR4 RAM,64 bit Windows 10 Operating System,,Intel Core i5 Processor (8th Gen),39.62 cm (15.6 Inch) Display
ASUS Vivobook Go 15 (2026) with Office 2024 + M365 Basic* AMD Ryzen 5 4th Gen 40 - (8 GB/512 GB SSD/Wi...,"₹60,990",8 GB DDR5 RAM,Windows 11 Home Operating System,512 GB SSD,AMD Ryzen 5 Processor (4th Gen),39.62 cm (15.6 inch) Display
DELL Alienware 16 Aurora (i7 14th Gen) Microsoft Office Home 2024 Intel Core 7 240 H - (16 GB/1 TB SSD...,"₹1,48,998",16 GB DDR5 RAM,Windows 11 Home Operating System,1 TB SSD,Intel Core 7 Processor,40.64 cm (16 inch) Display
ASUS Vivobook Go 15 Intel Celeron Dual Core N4020 - (8 GB/256 GB SSD/Windows 11 Home) E510MA-EJ011WS T...,"₹46,990",8 GB DDR4 RAM,Windows 11 Operating System,256 GB SSD,Intel Celeron Dual Core Processor,39.62 cm (15.6 Inch) Display
Apple MacBook AIR M2 - (8 GB/512 GB SSD/Mac OS Monterey) MLY23HN/A,"₹1,09,900",8 GB Unified Memory RAM,Mac OS Operating System,512 GB SSD,Apple M2 Processor,34.54 cm (13.6 Inch) Display
HP Pavilion x360 Intel Core i5 12th Gen 1235U - (16 GB/512 GB SSD/Windows 11 Home) 14-ek0074TU 2 in 1 ...,"₹97,000",16 GB DDR4 RAM,64 bit Windows 11 Operating System,512 GB SSD,Intel Core i5 Processor (12th Gen),35.56 cm (14 Inch) Touchscreen Display
ZEBRONICS Thin and Light Laptop Intel Core i7 12th Gen 1255U - (16 GB/512 GB SSD/Windows 11 Home) ZEB-...,"₹78,999",16 GB DDR4 RAM,Windows 11 Operating System,512 GB SSD,Intel Core i7 Processor (12th Gen),39.62 cm (15.6 Inch) Display
"ASUS Zenbook S 16 OLED (2025) with Touch Screen, Backlit Keyboard, AI PC AMD Ryzen AI 7 Octa Core - (2...","₹1,45,998",24 GB LPDDR5X RAM,Windows 11 Home Operating System,1 TB SSD,AMD Ryzen AI 7 Octa Core Processor,40.64 cm (16 Inch) Touchscreen Display
HP 14 Intel Core Ultra 5 226V - (16 GB/1 TB SSD/Windows 11 Home) 14-fm0099TU Thin and Light Laptop,"₹1,25,842",16 GB LPDDR5X RAM,Windows 11 Home Operating System,1 TB SSD,Intel Core Ultra 5 Processor,35.56 cm (14 Inch) Display
DELL 15 Intel Core i7 13th Gen 1355U - (16 GB/512 GB SSD/Windows 11 Home) 3530 Thin and Light Laptop,"₹92,990",16 GB DDR4 RAM,64 bit Windows 11 Operating System,512 GB SSD,Intel Core i7 Processor (13th Gen),39.62 cm (15.6 Inch) Display
HP Pavilion 15 AMD Ryzen 7 Octa Core 7730U - (16 GB/512 GB SSD/Windows 11 Home) 15-eh3101AU Thin and L...,"₹75,794",16 GB DDR4 RAM,64 bit Windows 11 Operating System,512 GB SSD,AMD Ryzen 7 Octa Core Processor,39.62 cm (15.6 Inch) Display
"ASUS Vivobook 14 (2025) with Office 2024 + M365 Basic*, AMD Ryzen AI 5 Quad Core - (16 GB/512 GB SSD/W...","₹74,766",16 GB DDR5 RAM,Windows 11 Home Operating System,512 GB SSD,AMD Ryzen AI 5 Quad Core Processor,35.56 cm (14 inch) Display
Lenovo IdeaPad Slim 3 Backlit Intel Core i5 12th Gen 12450H - (16 GB/512 GB SSD/Windows 11 Home) 15IAH...,"₹70,481",16 GB LPDDR5 RAM,Windows 11 Operating System,512 GB SSD,Intel Core i5 Processor (12th Gen),39.62 cm (15.6 Inch) Display
HP 15 (2024) AMD Ryzen 3 Quad Core 7320U - (8 GB/512 GB SSD/Windows 11 Home) 15-fc0500AU / 15-fc0154AU...,"₹53,990",8 GB DDR4 RAM,64 bit Windows 11 Home Operating System,512 GB SSD,AMD Ryzen 3 Quad Core Processor,39.62 cm (15.6 Inch) Touchscreen Display
Infinix ZERO BOOK ULTRA Series Laptop Intel Intel Core i9 12th Gen 12900H - (16 GB/512 GB SSD/Windows ...,"₹1,29,990",16 GB LPDDR5 RAM,Windows 11 Operating System,512 GB SSD,Intel Core i9 Processor (12th Gen),39.62 cm (15.6 Inch) Display
Samsung Galaxy Book4 Pro Evo AI PC Intel Core Ultra 5 125H - (16 GB/512 GB SSD/Windows 11 Home) NP960X...,"₹1,63,289",16 GB LPDDR5X RAM,64 bit Windows 11 Operating System,512 GB SSD,Intel Core Ultra 5 Processor,40.64 cm (16 Inch) Touchscreen Display
HP Victus Intel Core i5 13th Gen 13420H - (16 GB/1 TB SSD/Windows 11 Home/4 GB Graphics/NVIDIA GeForce...,"₹98,623",16 GB DDR4 RAM,64 bit Windows 11 Operating System,1 TB SSD,Intel Core i5 Processor (13th Gen),39.62 cm (15.6 Inch) Display
Acer Swift Go 14 Office 2024 + M365 Basic AMD Ryzen 5 Hexa Core 7430U - (16 GB/512 GB SSD/Windows 11 H...,"₹69,999",16 GB LPDDR4X RAM,64 bit Windows 11 Operating System,512 GB SSD,AMD Ryzen 5 Hexa Core Processor,35.56 cm (14 Inch) Display
Lenovo Yoga Slim 6 WUXGA OLED with 1Yr ADP Intel Core i5 13th Gen 13500H - (16 GB/512 GB SSD/Windows 1...,"₹95,000",16 GB LPDDR5X RAM,Windows 11 Operating System,512 GB SSD,Intel Core i5 Processor (13th Gen),35.56 cm (14 Inch) Display
Lenovo Intel Core i3 10th Gen 10110U - (8 GB/1 TB HDD/Windows 11 Home) 81WB018UIN | 81WB01E7IN Thin an...,"₹34,939",8 GB DDR4 RAM,64 bit Windows 11 Operating System,,Intel Core i3 Processor (10th Gen),39.62 cm (15.6 Inch) Display
Acer Aspire Lite Intel Core i5 13th Gen i5-13500H - (16 GB/512 GB SSD/Windows 11 Home) AL14-71P Thin a...,"₹69,990",16 GB DDR5 RAM,64 bit Windows 11 Home Operating System,512 GB SSD,Intel Core i5 Processor (13th Gen),35.56 cm (14 inch) Display
ASUS Vivobook 16 (2025) with Office 2024 + M365 Basic* Intel Core i5 13th Gen 13420H - (16 GB/512 GB S...,"₹79,354",16 GB DDR4 RAM,Windows 11 Home Operating System,512 GB SSD,Intel Core i5 Processor (13th Gen),40.64 cm (16 inch) Display
HP Intel Core i3 11th Gen - (8 GB/512 GB SSD/Windows 11 Home) 15S-FR2515TU Laptop,"₹57,990",8 GB DDR4 RAM,Windows 11 Operating System,512 GB SSD,Intel Core i3 Processor (11th Gen),39.62 cm (15.6 inch) Display
ASUS TUF Gaming A15 (2025) AMD Ryzen 7 Octa Core 7445HS - (16 GB/1 TB SSD/Windows 11 Home/4 GB Graphic...,"₹77,990",16 GB DDR5 RAM,Windows 11 Home Operating System,1 TB SSD,AMD Ryzen 7 Octa Core Processor,39.62 cm (15.6 Inch) Display
Lenovo Ultra 5 225U Intel Core Ultra 5 225U - (16 GB/1 TB SSD/Windows 11 Home) 21SKA0FTIG Laptop,"₹1,10,999",16 GB DDR5 RAM,Windows 11 Operating System,1 TB SSD,Intel Core Ultra 5 Processor,40.64 cm (16 inch) Display
HP 240 G8 Intel Core i3 11th Gen - (8 GB/512 GB SSD/DOS) 240 G8 Notebook,"₹51,999",8 GB DDR4 RAM,DOS Operating System,512 GB SSD,Intel Core i3 Processor (11th Gen),35.56 cm (14 Inch) Display
Lenovo IdeaPad Slim 3i Intel Core i5 13th Gen 13420H - (8 GB/512 GB SSD/Windows 11 Home) Ideapad Slim ...,"₹68,990",8 GB DDR5 RAM,Windows 11 Home Operating System,512 GB SSD,Intel Core i5 Processor (13th Gen),38.86 cm (15.3 Inch) Display
"Apple MacBook Air (M5, 2026) M5 - (16 GB/1 TB SSD/Tahoe) MDHC4HN/A","₹1,85,900",16 GB Unified Memory RAM,Mac OS Operating System,1 TB SSD,Apple M5 Processor,34.54 cm (13.6 inch) Display
Lenovo V 15 (2025) AMD Ryzen 5 Quad Core 7520U - (16 GB/512 GB SSD/Windows 11 Pro) V 15 Thin and Light...,"₹59,990",16 GB LPDDR5 RAM,64 bit Windows 11 Operating System,512 GB SSD,AMD Ryzen 5 Quad Core Processor,39.62 cm (15.6 Inch) Display
Infinix Y4 Max Series Intel Core i5 13th Gen 1335U - (16 GB/512 GB SSD/Windows 11 Home) YL613 Thin and...,"₹68,000",16 GB LPDDR4X RAM,64 bit Windows 11 Operating System,512 GB SSD,Intel Core i5 Processor (13th Gen),40.64 cm (16 Inch) Display
HP AMD Ryzen 7 Octa Core 5700U - (16 GB/512 GB SSD/Windows 11 Home) 15s- eq2084au Thin and Light Lapto...,"₹85,990",16 GB DDR4 RAM,Windows 11 Operating System,512 GB SSD,AMD Ryzen 7 Octa Core Processor,39.62 cm (15.6 inch) Display
ASUS Vivobook Go 14 AMD Ryzen 3 Quad Core 7320U - (8 GB/512 GB SSD/Windows 11 Home) E1404FA-NK327WS Th...,"₹56,048",8 GB LPDDR5 RAM,Windows 11 Operating System,512 GB SSD,AMD Ryzen 3 Quad Core Processor,35.56 cm (14 Inch) Display
"ASUS Vivobook 16X For Creator, Intel H Series Intel Core i5 12th Gen 12450H - (16 GB/512 GB SSD/Window...","₹93,241",16 GB DDR4 RAM,Windows 11 Operating System,512 GB SSD,Intel Core i5 Processor (12th Gen),40.64 cm (16 Inch) Display
Lenovo IdeaPad 3 Intel Celeron Dual Core N4020 - (4 GB/256 GB SSD/Windows 10 Home) 15IGL05 Thin and Li...,"₹27,990",4 GB DDR4 RAM,Windows 10 Operating System,256 GB SSD,Intel Celeron Dual Core Processor,39.62 cm (15.6 Inch) Display
HP OMEN Intel Core i7 11th Gen 11800H - (16 GB/1 TB SSD/Windows 11 Home/8 GB Graphics/NVIDIA GeForce R...,"₹1,95,210",16 GB DDR4 RAM,64 bit Windows 10 Operating System,1 TB SSD,Intel Core i7 Processor (11th Gen),40.89 cm (16.1 Inch) Display
ASUS ExpertBook B15 Intel Core i3 12th Gen 1215U - (8 GB/512 GB SSD/Windows 11 Home) B1502CBA-NJ1090WS...,"₹62,899",8 GB DDR4 RAM,Windows 11 Operating System,512 GB SSD,Intel Core i3 Processor (12th Gen),39.62 cm (15.6 Inch) Display
HP 15S Intel Core i3 13th Gen 1355U - (16 GB/512 GB SSD/Windows 11 Home) 15-fd0574TU Thin and Light La...,"₹58,999",16 GB DDR4 RAM,64 bit Windows 11 Home Operating System,512 GB SSD,Intel Core i3 Processor (13th Gen),39.62 cm (15.6 Inch) Display
Avita Liber Intel Core i5 7th Gen 7Y54 - (8 GB/256 GB SSD/Windows 10 Home) NS13A1IN007P Thin and Light...,"₹60,990",8 GB DDR3 RAM,64 bit Windows 10 Operating System,256 GB SSD,Intel Core i5 Processor (7th Gen),33.78 cm (13.3 Inch) Display
HP AMD Athlon Dual Core 3050U - (8 GB/512 GB SSD/Windows 11 Home) 15s- eq1559AU Thin and Light Laptop,"₹52,990",8 GB DDR4 RAM,64 bit Windows 11 Operating System,512 GB SSD,AMD Athlon Dual Core Processor,39.62 cm (15.6 Inch) Display
HP AMD Ryzen 3 Quad Core - (8 GB/512 GB SSD/Windows 11 Home) 15-fc0025AU Thin and Light Laptop,"₹51,891",8 GB DDR4 RAM,Windows 11 Home Operating System,512 GB SSD,AMD Ryzen 3 Quad Core Processor,39.62 cm (15.6 Inch) Display
MSI Modern 14 Intel Core i3 10th Gen 10110U - (8 GB/512 GB SSD/Windows 10 Home) Modern 14 B10MW-657IN ...,"₹55,990",8 GB DDR4 RAM,64 bit Windows 10 Operating System,512 GB SSD,Intel Core i3 Processor (10th Gen),35.56 cm (14 Inch) Display
"ASUS TUF Gaming F16 (2025) with Office 2024 + M365 Basic*, (i5 14th gen) Intel Core 5 210H - (16 GB/51...","₹94,254",16 GB DDR4 RAM,Windows 11 Home Operating System,512 GB SSD,Intel Core 5 Processor,40.64 cm (16 Inch) Display
DELL Intel Core i3 13th Gen - (8 GB/512 GB SSD/Windows 11 Home) 3530 Thin and Light Laptop,"₹50,500",8 GB DDR4 RAM,Windows 11 Operating System,512 GB SSD,Intel Core i3 Processor (13th Gen),39.62 cm (15.6 Inch) Display
HP 240 G8 Intel Core i3 11th Gen - (8 GB/512 GB SSD/Windows 11 Pro) 240 G8 Notebook,"₹57,890",8 GB DDR4 RAM,Windows 11 Operating System,512 GB SSD,Intel Core i3 Processor (11th Gen),35.56 cm (14 Inch) Display
Lenovo Ultra 5 225U Intel Core Ultra 5 225U - (16 GB/1 TB SSD/Windows 11 Home) 21SKA0FTIG Laptop,"₹1,10,999",16 GB DDR5 RAM,Windows 11 Operating System,1 TB SSD,Intel Core Ultra 5 Processor,40.64 cm (16 inch) Display
Lenovo IdeaPad 3 Intel Intel Core i3 10th Gen - (8 GB/256 GB SSD/Windows 10 Home) 81WA00K1IN Laptop,"₹34,990",8 GB DDR4 RAM,Windows 10 Operating System,256 GB SSD,Intel Core i3 Processor (10th Gen),35.56 cm (14 Inch) Display
Lenovo IdeaPad 3 Intel Intel Core i3 10th Gen - (4 GB/256 GB SSD/Windows 10 Home) 81WB010XIN Laptop,"₹34,990",4 GB DDR4 RAM,Windows 10 Operating System,256 GB SSD,Intel Core i3 Processor (10th Gen),39.62 cm (15.6 Inch) Display
ASUS ASUS Vivobook 15 Intel Core i7 13th Gen - (16 GB/1 TB SSD/Windows 11 Home/16 GB Graphics) X1502VA...,"₹84,547",16 GB DDR4 RAM,Windows 11 Home Operating System,1 TB SSD,Intel Core i7 Processor (13th Gen),39.62 cm (15.6 inch) Display
HP Pavilion Aero AMD Ryzen 5 Hexa Core 7535U - (16 GB/512 GB SSD/Windows 11 Home) 13-BE2057AU Thin and...,"₹88,999",16 GB LPDDR5 RAM,Windows 11 Operating System,512 GB SSD,AMD Ryzen 5 Hexa Core Processor,33.78 cm (13.3 Inch) Display
"ASUS Vivobook S14 OLED (2025), Copilot + PC, AI PC, Metal Body, Backlit Keyboard, Intel Core Ultra 5 2...","₹1,08,999",16 GB LPDDR5X RAM,Windows 11 Home Operating System,512 GB SSD,Intel Core Ultra 5 Processor,35.56 cm (14 Inch) Display
"ASUS Zenbook S 13 OLED 1 cm Thin & 1 kg Light, Intel EVO Intel Core i7 13th Gen 1335U - (16 GB/1 TB SS...","₹99,900",16 GB LPDDR5 RAM,Windows 11 Operating System,1 TB SSD,Intel Core i7 Processor (13th Gen),33.78 cm (13.3 Inch) Display
HP 245 G10 (2025) AMD Ryzen 5 Quad Core 7520U - (8 GB/512 GB SSD/Windows 11 Pro) 245 G10 Thin and Ligh...,"₹59,990",8 GB DDR4 RAM,64 bit Windows 11 Operating System,512 GB SSD,AMD Ryzen 5 Quad Core Processor,35.56 cm (14 Inch) Display
HP Pavilion Intel Core i5 13th Gen 1335U - (16 GB/1 TB SSD/Windows 11 Home) 15-EG3017TU Thin and Light...,"₹71,604",16 GB DDR4 RAM,Windows 11 Home Operating System,1 TB SSD,Intel Core i5 Processor (13th Gen),39.62 cm (15.6 Inch) Display
HP Professional Intel Core i5 13th Gen 1334U - (16 GB/512 GB SSD/Windows 11 Pro) 250 G10 Thin and Ligh...,"₹75,000",16 GB DDR4 RAM,64 bit Windows 11 Operating System,512 GB SSD,Intel Core i5 Processor (13th Gen),39.62 cm (15.6 Inch) Display
DELL VOSTRO Intel Core i5 12th Gen - (8 GB/512 GB SSD/Windows 11 Home) 3520 Laptop,"₹66,999",8 GB LPDDR4 RAM,Windows 11 Operating System,512 GB SSD,Intel Core i5 Processor (12th Gen),35.56 cm (14 Inch) Display
ASUS Zenbook S 14 OLED Intel Core Ultra 7 - (16 GB/512 GB SSD/Windows 11 Home) UX5406SA-PV356WS Thin a...,"₹1,57,990",16 GB LPDDR5X RAM,Windows 11 Operating System,512 GB SSD,Intel Core Ultra 7 Processor,35.56 cm (14 Inch) Display
ASUS TUF Gaming A16 (2026) AMD Ryzen 7 170 - (8 GB/512 GB SSD/Windows 11 Home/6 GB Graphics/NVIDIA GeF...,"₹1,29,990",8 GB DDR5 RAM,Windows 11 Home Operating System,512 GB SSD,AMD Ryzen 7 Processor,40.64 cm (16 inch) Display
ASUS Zenbook 14 OLED AI PC Intel Core Ultra 9 185H - (32 GB/1 TB SSD/Windows 11 Home) UX3405MA-PZ962WS...,"₹1,66,000",32 GB LPDDR5X RAM,Windows 11 Operating System,1 TB SSD,Intel Core Ultra 9 Processor,35.56 cm (14 Inch) Touchscreen Display
Acer Aspire 3 Intel Core i5 11th Gen 1135G7 - (8 GB/512 GB SSD/Windows 11 Home) A315-58 Thin and Light...,"₹62,991",8 GB DDR4 RAM,64 bit Windows 11 Operating System,512 GB SSD,Intel Core i5 Processor (11th Gen),39.62 cm (15.6 Inch) Display
ASUS Vivobook 14 Intel Core i5 13th Gen 1335U - (8 GB/512 GB SSD/Windows 11 Home) X1404VA-NK522WS Thin...,"₹75,990",8 GB DDR4 RAM,Windows 11 Operating System,512 GB SSD,Intel Core i5 Processor (13th Gen),35.56 cm (14 Inch) Display
HP G8 Intel Core i3 12th Gen - (16 GB/512 GB SSD/Windows 11 Pro) 250G8 Business Laptop,"₹58,890",16 GB DDR4 RAM,64 bit Windows 11 Operating System,512 GB SSD,Intel Core i3 Processor (12th Gen),39.62 cm (15.6 Inch) Display
HP 250R G9 Intel Core i3 13th Gen 1315U - (8 GB/512 GB SSD/Windows 11 Home) 42V68PA Thin and Light Lap...,"₹56,500",8 GB DDR4 RAM,64 bit Windows 11 Home Operating System,512 GB SSD,Intel Core i3 Processor (13th Gen),39.62 cm (15.6 Inch) Display
Lenovo V14 Intel Core i5 12th Gen - (8 GB/512 GB SSD/Windows 11 Home) V14 Business Laptop,"₹62,990",8 GB DDR4 RAM,64 bit Windows 11 Operating System,512 GB SSD,Intel Core i5 Processor (12th Gen),35.56 cm (14 Inch) Display
Lenovo Ideapad Slim 5i Intel Core i5 11th Gen 1135G7 - (8 GB/512 GB SSD/Windows 11 Home) 14ITL05U2a Th...,"₹56,990",8 GB DDR4 RAM,64 bit Windows 11 Operating System,512 GB SSD,Intel Core i5 Processor (11th Gen),35.56 cm (14 Inch) Display
HP Professional 240 G10 (2025) Intel Core i5 13th Gen 1334U - (8 GB/512 GB SSD/Windows 11 Pro) 240 G10...,"₹75,099",8 GB DDR4 RAM,64 bit Windows 11 Operating System,512 GB SSD,Intel Core i5 Processor (13th Gen),35.56 cm (14 Inch) Display
HP AMD Athlon Dual Core 3050U - (8 GB/256 GB SSD/Windows 11 Home) 14s-fq0568AU Thin and Light Laptop,"₹52,890",8 GB DDR4 RAM,64 bit Windows 11 Operating System,256 GB SSD,AMD Athlon Dual Core Processor,35.56 cm (14 Inch) Display
HP 15 (2025) AMD Ryzen 3 Quad Core 7335U - (16 GB/512 GB SSD/Windows 11 Home) 255 G10 Thin and Light L...,"₹63,000",16 GB DDR5 RAM,64 bit Windows 11 Home Operating System,512 GB SSD,AMD Ryzen 3 Quad Core Processor,39.62 cm (15.6 Inch) Display
ASUS Intel Core i3 13th Gen - (8 GB/512 GB SSD/Windows 11 Home) X1504VA-NJ322WS Laptop,"₹54,323",8 GB DDR4 RAM,Windows 11 Operating System,512 GB SSD,Intel Core i3 Processor (13th Gen),39.62 cm (15.6 Inch) Display
Lenovo Ultra 5 225U Intel Core Ultra 5 225U - (16 GB/1 TB SSD/Windows 11 Home) 21SKA0FTIG Laptop,"₹1,10,999",16 GB DDR5 RAM,Windows 11 Operating System,1 TB SSD,Intel Core Ultra 5 Processor,40.64 cm (16 inch) Display
DELL Inspiron 14 Microsoft Office Home 2024 Intel Core i5 13th Gen 1334U - (16 GB/512 GB SSD/Windows 1...,"₹85,574",16 GB DDR5 RAM,Windows 11 Operating System,512 GB SSD,Intel Core i5 Processor (13th Gen),35.56 cm (14 Inch) Touchscreen Display
HP 255R G10 (2025) Professional AMD Ryzen 3 Quad Core 7335U - (8 GB/512 GB SSD/Windows 11 Pro) 255R G1...,"₹55,650",8 GB DDR5 RAM,64 bit Windows 11 Operating System,512 GB SSD,AMD Ryzen 3 Quad Core Processor,39.62 cm (15.6 Inch) Display
DELL Inspiron Intel Core i5 12th Gen 1240P - (16 GB/512 GB SSD/Windows 11 Home) Inspiron 5420 Thin and...,"₹81,300",16 GB DDR4 RAM,Windows 11 Operating System,512 GB SSD,Intel Core i5 Processor (12th Gen),35.56 cm (14 Inch) Display
"ASUS Vivobook 16X for Creator, Intel Core i5 12th Gen 12500H - (16 GB/512 GB SSD/Windows 11 Home/6 GB ...","₹1,09,499",16 GB DDR4 RAM,Windows 11 Operating System,512 GB SSD,Intel Core i5 Processor (12th Gen),40.64 cm (16 Inch) Display
ASUS Vivobook 15 Intel Core i3 13th Gen 1315U - (12 GB/512 GB SSD/Windows 11 Home) X1504VA-BQ332WS Thi...,"₹52,990",12 GB DDR4 RAM,Windows 11 Home Operating System,512 GB SSD,Intel Core i3 Processor (13th Gen),39.62 cm (15.6 inch) Display
DELL Dell Pro 15 Essential PV15250 Intel Core i5 13th Gen 1334U - (8 GB/512 GB SSD/Ubuntu) Pro 15 Esse...,"₹65,498",8 GB DDR5 RAM,64 bit Linux/Ubuntu Operating System,512 GB SSD,Intel Core i5 Processor (13th Gen),39.62 cm (15.6 inch) Display
ASUS Vivobook 15 Intel Core i3 12th Gen 1215U - (8 GB/512 GB SSD/Windows 11 Home) X1502ZA-EJ321WS Lapt...,"₹62,999",8 GB DDR4 RAM,64 bit Windows 11 Operating System,512 GB SSD,Intel Core i3 Processor (12th Gen),39.62 cm (15.6 Inch) Display
HP Professional Intel Core i5 13th Gen 1334U - (32 GB/512 GB SSD/Windows 11 Pro) 250 G10 Thin and Ligh...,"₹95,990",32 GB DDR4 RAM,64 bit Windows 11 Operating System,512 GB SSD,Intel Core i5 Processor (13th Gen),39.62 cm (15.6 Inch) Display
Lenovo Intel Core i3 11th Gen - (8 GB/512 GB SSD/Windows 11 Home) 15ITL05 Thin and Light Laptop,"₹37,890",8 GB DDR4 RAM,Windows 11 Operating System,512 GB SSD,Intel Core i3 Processor (11th Gen),39.62 cm (15.6 Inch) Display
Lenovo IdeaPad Flex 5 Intel Intel Core i3 12th Gen 1215U - (8 GB/512 GB SSD/Windows 11 Home) 14IAU7 Th...,"₹57,990",8 GB LPDDR4X RAM,64 bit Windows 11 Operating System,512 GB SSD,Intel Core i3 Processor (12th Gen),35.56 cm (14 Inch) Touchscreen Display
HP AMD Ryzen 5 Quad Core 7520U - (8 GB/512 GB SSD/Windows 11 Home) 15-fc0155AU Thin and Light Laptop,"₹64,028",8 GB LPDDR5 RAM,64 bit Windows 11 Home Operating System,512 GB SSD,AMD Ryzen 5 Quad Core Processor,39.62 cm (15.6 Inch) Display
ZEBRONICS Pro Series Z Intel Core i5 12th Gen 1235U - (16 GB/512 GB SSD/Windows 11 Home) ZEB-NBC 4S Th...,"₹60,999",16 GB DDR4 RAM,Windows 11 Operating System,512 GB SSD,Intel Core i5 Processor (12th Gen),39.62 cm (15.6 Inch) Display
HP AMD Ryzen 5 Hexa Core 5500U - (8 GB/512 GB SSD/Windows 10 Home) 15s-EQ2040AU Thin and Light Laptop,"₹58,597",8 GB DDR4 RAM,64 bit Windows 10 Operating System,512 GB SSD,AMD Ryzen 5 Hexa Core Processor,39.62 cm (15.6 Inch) Display
HP Essential series Intel Core i3 13th Gen 1315U - (8 GB/512 GB SSD/Windows 11 Home) 14-EP0341TU Thin ...,"₹57,890",8 GB DDR4 RAM,Windows 11 Home Operating System,512 GB SSD,Intel Core i3 Processor (13th Gen),35.56 cm (14 Inch) Display
HP 15s AMD Ryzen 3 Dual Core 3250U - (8 GB/1 TB HDD/256 GB SSD/Windows 10 Home) 15s-GR0012AU Laptop,"₹60,000",8 GB DDR4 RAM,64 bit Windows 10 Operating System,1 TB HDD|256 GB SSD,AMD Ryzen 3 Dual Core Processor,39.62 cm (15.6 Inch) Display
ASUS Vivobook Go 14 AMD Ryzen 3 Quad Core 7320U - (8 GB/512 GB SSD/Windows 11 Home) E1404FA-NK321WS Th...,"₹51,999",8 GB LPDDR5 RAM,64 bit Windows 11 Operating System,512 GB SSD,AMD Ryzen 3 Quad Core Processor,35.81 cm (14.1 Inch) Display
ASUS Expertbook P1 with 1 Yr ADP(i3 14th Gen) Intel Core 3 13th Gen 1315U - (16 GB/512 GB SSD/Windows ...,"₹51,990",16 GB DDR5 RAM,Windows 11 Home Operating System,512 GB SSD,Intel Core 3 Processor (13th Gen),35.56 cm (14 Inch) Display
ASUS VivoBook 15 AMD Ryzen 7 Octa Core 5800HS - (16 GB/512 GB SSD/Windows 11 Home) M1502QA-EJ742WS Thi...,"₹78,999",16 GB DDR4 RAM,Windows 11 Operating System,512 GB SSD,AMD Ryzen 7 Octa Core Processor,39.62 cm (15.6 Inch) Display
MSI Katana 15 Intel Core i7 12th Gen 12650H - (8 GB/512 GB SSD/Windows 11 Home/6 GB Graphics/NVIDIA Ge...,"₹1,03,990",8 GB DDR5 RAM,Windows 11 Operating System,512 GB SSD,Intel Core i7 Processor (12th Gen),39.62 cm (15.6 Inch) Display
HP 240 G8 Intel Core i3 11th Gen 1115G4 - (8 GB/512 GB SSD/Windows 11 Home) 240 G8 Business Laptop,"₹57,938",8 GB DDR4 RAM,32 bit Windows 11 Operating System,512 GB SSD,Intel Core i3 Processor (11th Gen),35.56 cm (14 Inch) Display
Acer Predator Helios Neo 16 Intel Core i7 13th Gen 13700HX - (16 GB/1 TB SSD/Windows 11 Home/6 GB Grap...,"₹1,44,999",16 GB DDR5 RAM,64 bit Windows 11 Operating System,1 TB SSD,Intel Core i7 Processor (13th Gen),40.64 cm (16 Inch) Display
ASUS Intel Ryzen 7 Octa Core 6th Gen - (16 GB/1 TB SSD/Windows 11 Home/8 GB Graphics/AMD Radeon ?AMD R...,"₹1,35,000",16 GB DDR5 RAM,Windows 11 Operating System,1 TB SSD,Intel Ryzen 7 Octa Core Processor (6th Gen),35.56 cm (14 Inch) Display
HP Pavilion Eyesafe Intel Core i5 12th Gen 1240P - (16 GB/512 GB SSD/Windows 11 Home) EG2036TU Thin an...,"₹81,290",16 GB DDR4 RAM,64 bit Windows 11 Operating System,512 GB SSD,Intel Core i5 Processor (12th Gen),39.62 cm (15.6 Inch) Display
"ASUS V16 (2025) for Creator with Office 2024 + M365 Basic*,AI PC (i5 14th Gen) Intel Core 5 210H - (16...","₹1,02,999",16 GB DDR5 RAM,Windows 11 Home Operating System,512 GB SSD,Intel Core 5 Processor,40.64 cm (16 Inch) Display
HP Intel Core i3 12th Gen 1215U - (8 GB/512 GB SSD/Windows 11 Home) 15s-fy5006TU Thin and Light Laptop,"₹55,890",8 GB DDR4 RAM,Windows 11 Operating System,512 GB SSD,Intel Core i3 Processor (12th Gen),39.62 cm (15.6 Inch) Display
Lenovo Ultra 5 225U Intel Core Ultra 5 225U - (16 GB/1 TB SSD/Windows 11 Home) 21SKA0FTIG Laptop,"₹1,10,999",16 GB DDR5 RAM,Windows 11 Operating System,1 TB SSD,Intel Core Ultra 5 Processor,40.64 cm (16 inch) Display
DELL AMD Ryzen 5 Dual Core 7520U - (8 GB/512 GB SSD/Windows 11 Home) Inspiron 3535 Thin and Light Lapt...,"₹52,064",8 GB DDR4 RAM,Windows 11 Operating System,512 GB SSD,AMD Ryzen 5 Dual Core Processor,39.62 cm (15.6 Inch) Display
HP 14s Intel Core i3 12th Gen 1215U - (8 GB/512 GB SSD/Windows 11 Home) 14s - dy5008TU Thin and Light ...,"₹58,990",8 GB DDR4 RAM,64 bit Windows 11 Operating System,512 GB SSD,Intel Core i3 Processor (12th Gen),35.56 cm (14 Inch) Display
Acer Swift X Intel Core i5 11th Gen 11320H - (16 GB/512 GB SSD/Windows 11 Home/4 GB Graphics) SFX16-51...,"₹1,09,999",16 GB LPDDR4X RAM,64 bit Windows 11 Operating System,512 GB SSD,Intel Core i5 Processor (11th Gen),40.89 cm (16.1 Inch) Display
HP 15s AMD Ryzen 3 Dual Core 3250U - (8 GB/256 GB SSD/Windows 11 Home) 15s-ey1508AU Thin and Light Lap...,"₹52,990",8 GB DDR4 RAM,64 bit Windows 11 Operating System,256 GB SSD,AMD Ryzen 3 Dual Core Processor,39.62 cm (15.6 Inch) Display
ASUS Vivobook 15 Intel Core i5 13th Gen 1335U - (16 GB/512 GB SSD/Windows 11 Home) X1504VA-NJ540WS Thi...,"₹65,990",16 GB DDR4 RAM,Windows 11 Operating System,512 GB SSD,Intel Core i5 Processor (13th Gen),39.62 cm (15.6 Inch) Display
DELL Vostro 15 Intel Core i3 13th Gen 1305U - (16 GB/512 GB SSD/Windows 11 Home) 3530 Thin and Light L...,"₹68,990",16 GB DDR4 RAM,64 bit Windows 11 Home Operating System,512 GB SSD,Intel Core i3 Processor (13th Gen),39.62 cm (15.6 Inch) Display
HP 15s AMD Ryzen 5 Quad Core 3500U - (8 GB/512 GB SSD/Windows 10 Home) 15s-eq0500AU Thin and Light Lap...,"₹57,790",8 GB DDR4 RAM,64 bit Windows 10 Operating System,512 GB SSD,AMD Ryzen 5 Quad Core Processor,39.62 cm (15.6 Inch) Display
Lenovo IdeaPad Slim 3 AMD Ryzen 5 Hexa Core 5500U - (16 GB/512 GB SSD/Windows 11 Home) Ideapad Slim 3 ...,"₹62,811",16 GB DDR5 RAM,64 bit Windows 11 Operating System,512 GB SSD,AMD Ryzen 5 Hexa Core Processor,39.62 cm (15.6 Inch) Display
"ASUS Vivobook 15, with Backlit Keyboard, Intel Core i7 13th Gen 13620H - (16 GB/512 GB SSD/Windows 11 ...","₹85,608",16 GB DDR4 RAM,Windows 11 Home Operating System,512 GB SSD,Intel Core i7 Processor (13th Gen),39.62 cm (15.6 inch) Display
Acer Aspire 3 AMD Dual Core 3020e - (4 GB/256 GB SSD/Windows 11 Home) A314-22 Laptop,"₹39,119",4 GB DDR4 RAM,64 bit Windows 11 Operating System,256 GB SSD,AMD Dual Core Processor,35.56 cm (14 Inch) Display
Lenovo Ideapad Intel Core i5 12th Gen 12450H - (16 GB/512 GB SSD/Windows 11 Home/4 GB Graphics) 15IAH8...,"₹69,980",16 GB LPDDR5 RAM,Windows 11 Operating System,512 GB SSD,Intel Core i5 Processor (12th Gen),39.62 cm (15.6 Inch) Display
acer Swift 3 Core i5 11th Gen Intel EVO - (8 GB/512 GB SSD/Windows 10 Home) SF313-53-532J Thin and Lig...,"₹58,600",8 GB LPDDR4X RAM,64 bit Windows 10 Operating System,512 GB SSD,Intel Core i5 Processor (11th Gen),34.29 cm (13.5 Inch) Display
HP Envy x360 Intel Core i5 13th Gen 1335U - (16 GB/512 GB SSD/Windows 11 Home) 15-fe0028TU Laptop,"₹1,04,000",16 GB LPDDR5 RAM,Windows 11 Operating System,512 GB SSD,Intel Core i5 Processor (13th Gen),39.62 cm (15.6 Inch) Touchscreen Display
ASUS AMD Ryzen 5 AMD Ryzen AI 5 330 - (16 GB/512 GB SSD/Windows 11 Home) M3407KA-SF2501WS Laptop,"₹77,000",16 GB DDR5 RAM,Windows 11 Home Operating System,512 GB SSD,AMD Ryzen 5 Processor,35.56 cm (14 inch) Display
HP Intel Core i3 11th Gen 1125G4 - (8 GB/512 GB SSD/Windows 11 Home) 15s-fq2627TU Thin and Light Lapto...,"₹53,000",8 GB DDR4 RAM,64 bit Windows 11 Operating System,512 GB SSD,Intel Core i3 Processor (11th Gen),39.62 cm (15.6 inch) Display
ASUS TUF Gaming A15 AMD Ryzen 7 Octa Core 7435HS - (16 GB/512 GB SSD/Windows 11 Home/4 GB Graphics/NVI...,"₹98,500",16 GB DDR5 RAM,Windows 11 Operating System,512 GB SSD,AMD Ryzen 7 Octa Core Processor,39.62 cm (15.6 Inch) Display
HP 8540u AMD Ryzen 5 - (16 GB/512 GB SSD/Windows 11 Pro) ELITEBOOK 845 G11 Laptop,"₹88,799",16 GB LPDDR5 RAM,Windows 11 Operating System,512 GB SSD,AMD Ryzen 5 Processor,35.56 cm (14 Inch) Display
ASUS Vivobook 15 (i5 14th Gen) Intel Core 5 120U - (16 GB/512 GB SSD/Windows 11 Home) X1504VAP-NJ542WS...,"₹70,990",16 GB DDR4 RAM,Windows 11 Operating System,512 GB SSD,Intel Core 5 Processor,39.62 cm (15.6 Inch) Display
"ASUS Vivobook 15, with Backlit Keyboard, Intel Core i5 12th Gen 1235U - (8 GB/512 GB SSD/Windows 11 Ho...","₹75,990",8 GB DDR4 RAM,Windows 11 Operating System,512 GB SSD,Intel Core i5 Processor (12th Gen),39.62 cm (15.6 Inch) Display
HP AMD Ryzen 5 Hexa Core 5500U - (8 GB/512 GB SSD/Windows 11 Home) 14s-fq1092au Thin and Light Laptop,"₹68,999",8 GB DDR4 RAM,64 bit Windows 11 Operating System,512 GB SSD,AMD Ryzen 5 Hexa Core Processor,35.56 cm (14 Inch) Display
Lenovo THINKBOOK 16 AMD Ryzen 7 Octa Core 7th Gen 7735HS - (16 GB/512 GB HDD/512 GB SSD/Windows 11 Pro...,"₹80,000",16 GB LPDDR5 RAM,64 bit Windows 11 Operating System,512 GB HDD|512 GB SSD,AMD Ryzen 7 Octa Core Processor (7th Gen),40.64 cm (16 Inch) Display
Lenovo V15 AMD Ryzen 5 Quad Core 5500U - (8 GB/512 GB SSD/Windows 11 Home) V15 G2 ALC Thin and Light L...,"₹56,000",8 GB DDR4 RAM,Windows 11 Operating System,512 GB SSD,AMD Ryzen 5 Quad Core Processor,39.62 cm (15.6 Inch) Display
HP AMD Ryzen 5 Hexa Core 5500U - (8 GB/512 GB SSD/Windows 11 Home) 15s- eq2304au Thin and Light Laptop,"₹58,990",8 GB DDR4 RAM,64 bit Windows 11 Operating System,512 GB SSD,AMD Ryzen 5 Hexa Core Processor,39.62 cm (15.6 inch) Display
Lenovo Ultra 5 225U Intel Core Ultra 5 225U - (16 GB/1 TB SSD/Windows 11 Home) 21SKA0FTIG Laptop,"₹1,10,999",16 GB DDR5 RAM,Windows 11 Operating System,1 TB SSD,Intel Core Ultra 5 Processor,40.64 cm (16 inch) Display
"ASUS Zenbook A14 OLED (2026), MSO 2024 + M365 Basic, Metal Body, Backlit Keyboard, Snapdragon X - (16 ...","₹97,909",16 GB LPDDR5X RAM,Windows 11 Home Operating System,512 GB SSD,Snapdragon X Processor,35.56 cm (14 inch) Display
HP 15s AMD Ryzen 3 Quad Core 5300U - (8 GB/512 GB SSD/Windows 11 Home) 15s-eq2143au Thin and Light Lap...,"₹52,980",8 GB DDR4 RAM,64 bit Windows 11 Operating System,512 GB SSD,AMD Ryzen 3 Quad Core Processor,39.62 cm (15.6 Inch) Display
Acer Predator Neo Intel Core i5 13th Gen 13500HX - (16 GB/512 GB SSD/Windows 11 Home/6 GB Graphics/NVI...,"₹1,29,999",16 GB DDR5 RAM,64 bit Windows 11 Operating System,512 GB SSD,Intel Core i5 Processor (13th Gen),40.64 cm (16 Inch) Display
HP 255 G10 (2024) AMD Ryzen 3 Quad Core 7320U - (8 GB/512 GB SSD/Windows 11 Home) 250 G10 Thin and Lig...,"₹50,490",8 GB DDR4 RAM,64 bit Windows 11 Operating System,512 GB SSD,AMD Ryzen 3 Quad Core Processor,39.62 cm (15.6 Inch) Display
MOTOROLA Motobook 60 Full Metal OLED AI PC Intel Core Ultra 5 225H - (16 GB/1 TB SSD/Windows 11 Home) ...,"₹67,990",16 GB DDR5 RAM,64 bit Windows 11 Operating System,1 TB SSD,Intel Core Ultra 5 Processor,35.56 cm (14 Inch) Display
ASUS ZenBook 13 (2021) OLED Intel EVO Intel Core i5 11th Gen 1135G7 - (16 GB/512 GB SSD/Windows 10 Hom...,"₹72,590",16 GB LPDDR4X RAM,64 bit Windows 10 Operating System,512 GB SSD,Intel Core i5 Processor (11th Gen),33.78 cm (13.3 Inch) Display
HP 15R (2025) Intel Core i3 13th Gen 1315U - (16 GB/512 GB SSD/Windows 11 Home) 15R G9 Thin and Light ...,"₹68,938",16 GB DDR4 RAM,64 bit Windows 11 Home Operating System,512 GB SSD,Intel Core i3 Processor (13th Gen),39.62 cm (15.6 Inch) Display
HP AMD Ryzen 5 Quad Core - (8 GB/512 GB SSD/Windows 11 Home) 14-em0026AU Thin and Light Laptop,"₹58,000",8 GB LPDDR5 RAM,Windows 11 Home Operating System,512 GB SSD,AMD Ryzen 5 Quad Core Processor,35.56 cm (14 Inch) Display
HP 15s AMD Ryzen 5 Hexa Core 4500U - (8 GB/256 GB SSD/Windows 10 Home) 15s-ey1004AU Thin and Light Lap...,"₹58,790",8 GB DDR4 RAM,64 bit Windows 10 Operating System,256 GB SSD,AMD Ryzen 5 Hexa Core Processor,39.62 cm (15.6 Inch) Display
HP AMD Ryzen 3 Dual Core 3rd Gen - (8 GB/512 GB SSD/Windows 11 Home) 15S-EQ1550AU Laptop,"₹52,890",8 GB DDR4 RAM,Windows 11 Operating System,512 GB SSD,AMD Ryzen 3 Dual Core Processor (3rd Gen),39.62 cm (15.6 inch) Display
Lenovo IdeaPad Slim 3 Intel Core i5 12th Gen 12450H - (16 GB/512 GB SSD/Windows 11 Home) 15IAH8 Thin a...,"₹69,990",16 GB LPDDR5 RAM,Windows 11 Operating System,512 GB SSD,Intel Core i5 Processor (12th Gen),39.62 cm (15.6 Inch) Display
HP 15s AMD Ryzen 5 Quad Core 7520U - (8 GB/512 GB SSD/Windows 11 Home) 15-fc0029AU Thin and Light Lapt...,"₹58,999",8 GB LPDDR5 RAM,64 bit Windows 11 Operating System,512 GB SSD,AMD Ryzen 5 Quad Core Processor,39.62 cm (15.6 Inch) Display
HP 14s Intel Core i3 11th Gen - (8 GB/256 GB SSD/Windows 11 Home) 14s-dy2500TU Thin and Light Laptop,"₹57,290",8 GB DDR4 RAM,64 bit Windows 11 Operating System,256 GB SSD,Intel Core i3 Processor (11th Gen),35.56 cm (14 inch) Display
ASUS Vivobook 14 Intel Core i3 13th Gen 1315U - (8 GB/512 GB SSD/Windows 11 Home) X1404VA-NK322WS Thin...,"₹56,999",8 GB DDR4 RAM,64 bit Windows 11 Operating System,512 GB SSD,Intel Core i3 Processor (13th Gen),35.56 cm (14 Inch) Display
ASUS Vivobook 16X (2025) Intel Core i5 13th Gen 13420H - (16 GB/512 GB SSD/Windows 11 Home/4 GB Graphi...,"₹89,999",16 GB DDR4 RAM,Windows 11 Home Operating System,512 GB SSD,Intel Core i5 Processor (13th Gen),40.64 cm (16 Inch) Display
MSI Modern 14 AMD Ryzen 5 Hexa Core 7530U - (16 GB/512 GB SSD/Windows 11 Home) Modern 14 C7M-062IN Thi...,"₹64,990",16 GB DDR4 RAM,64 bit Windows 11 Operating System,512 GB SSD,AMD Ryzen 5 Hexa Core Processor,35.56 cm (14 Inch) Display
HP Intel Core i3 12th Gen - (8 GB/512 GB SSD/Windows 11 Home) 15s-fq5185TU Laptop,"₹55,990",8 GB DDR4 RAM,Windows 11 Home Operating System,512 GB SSD,Intel Core i3 Processor (12th Gen),39.62 cm (15.6 Inch) Display
HP AMD Ryzen 5 Quad Core 7520U - (8 GB/512 GB SSD/Windows 11 Home) 15-fc0155AU Thin and Light Laptop,"₹59,890",8 GB LPDDR5 RAM,Windows 11 Operating System,512 GB SSD,AMD Ryzen 5 Quad Core Processor,39.62 cm (15.6 Inch) Display
HP 255 G10 (2025) AMD Athlon Dual Core 7120U - (8 GB/256 GB SSD/Windows 11 Home) 255 G10 Thin and Ligh...,"₹48,699",8 GB DDR4 RAM,64 bit Windows 11 Home Operating System,256 GB SSD,AMD Athlon Dual Core Processor,39.62 cm (15.6 Inch) Display
HP Professional Intel Core i5 13th Gen 1334U - (8 GB/512 GB SSD/Windows 11 Pro) 250 G10 Thin and Light...,"₹79,990",8 GB DDR4 RAM,64 bit Windows 11 Operating System,512 GB SSD,Intel Core i5 Processor (13th Gen),39.62 cm (15.6 Inch) Display
"ASUS Vivobook 16X (2025) for Creator with Office 2024 + M365 Basic, Intel Core i5 12th Gen 12500H - (1...","₹85,890",16 GB DDR4 RAM,Windows 11 Home Operating System,512 GB SSD,Intel Core i5 Processor (12th Gen),40.64 cm (16 inch) Display
HP 15s Intel Core i3 11th Gen 1115G4 - (8 GB/512 GB SSD/Windows 11 Home) 15s-fq2671TU Thin and Light L...,"₹57,990",8 GB DDR4 RAM,64 bit Windows 11 Operating System,512 GB SSD,Intel Core i3 Processor (11th Gen),39.62 cm (15.6 Inch) Display
Acer Swift 14 AI Office 2024 + M365 Basic Intel Core Ultra 7 - (16 GB/1 TB SSD/Windows 11 Home) SF14-5...,"₹1,29,999",16 GB LPDDR5X RAM,Windows 11 Operating System,1 TB SSD,Intel Core Ultra 7 Processor,35.56 cm (14 Inch) Display
HP Victus Intel Core i5 13th Gen 13420H - (16 GB/512 GB SSD/Windows 11 Home/6 GB Graphics/NVIDIA GeFor...,"₹1,20,990",16 GB DDR4 RAM,Windows 11 Home Operating System,512 GB SSD,Intel Core i5 Processor (13th Gen),39.62 cm (15.6 Inch) Display
DELL Intel Core i3 13th Gen 1305U - (8 GB/512 GB SSD/Windows 11 Home) Vostro 3530 Thin and Light Lapto...,"₹59,699",8 GB DDR4 RAM,Windows 11 Operating System,512 GB SSD,Intel Core i3 Processor (13th Gen),39.62 cm (15.6 Inch) Display
Lenovo Ultra 5 225U Intel Core Ultra 5 225U - (16 GB/1 TB SSD/Windows 11 Home) 21SKA0FTIG Laptop,"₹1,10,999",16 GB DDR5 RAM,Windows 11 Operating System,1 TB SSD,Intel Core Ultra 5 Processor,40.64 cm (16 inch) Display
HP AMD Ryzen 5 Hexa Core 5500U - (8 GB/512 GB SSD/Windows 10 Home) 15s-EQ2040AU Thin and Light Laptop,"₹58,990",8 GB DDR4 RAM,64 bit Windows 10 Operating System,512 GB SSD,AMD Ryzen 5 Hexa Core Processor,39.62 cm (15.6 inch) Display
HP AMD Ryzen 3 Dual Core 3rd Gen - (8 GB/512 GB SSD/Windows 11 Home) 15S-EQ1550AU Laptop,"₹51,990",8 GB DDR4 RAM,Windows 11 Operating System,512 GB SSD,AMD Ryzen 3 Dual Core Processor (3rd Gen),39.62 cm (15.6 Inch) Display
Acer P2 Series Intel Core i5 10th Gen 10210U - (8 GB/1 TB HDD/Windows 10 Home) TMP214-52 Thin and Ligh...,"₹59,500",8 GB DDR4 RAM,64 bit Windows 10 Operating System,,Intel Core i5 Processor (10th Gen),35.56 cm (14 Inch) Display
HP 15s AMD Ryzen 5 Quad Core 7520U - (16 GB/512 GB SSD/Windows 11 Home) 15-fc0031AU Thin and Light Lap...,"₹69,790",16 GB LPDDR5 RAM,64 bit Windows 11 Operating System,512 GB SSD,AMD Ryzen 5 Quad Core Processor,39.62 cm (15.6 Inch) Display
Lenovo LOQ Intel Core i7 13th Gen 13620H - (16 GB/512 GB SSD/Windows 11 Home/6 GB Graphics/NVIDIA GeFo...,"₹1,49,900",16 GB DDR5 RAM,Windows 11 Operating System,512 GB SSD,Intel Core i7 Processor (13th Gen),39.62 cm (15.6 Inch) Display
ASUS ROG Flow X13 AMD Ryzen 7 Octa Core 6800HS - (16 GB/1 TB SSD/Windows 11 Home/AMD Radeon AMD) GV301...,"₹1,60,500",16 GB LPDDR5 RAM,64 bit Windows 11 Operating System,1 TB SSD,AMD Ryzen 7 Octa Core Processor,34.04 cm (13.4 Inch) Touchscreen Display
MSI Modern 14 AMD Ryzen 5 Hexa Core 7530U - (8 GB/512 GB SSD/Windows 11 Home) Modern 14 C7M-063IN Thin...,"₹61,990",8 GB DDR4 RAM,64 bit Windows 11 Operating System,512 GB SSD,AMD Ryzen 5 Hexa Core Processor,35.56 cm (14 Inch) Display
Lenovo ThinkBook 15 G3 AMD Ryzen 5 Hexa Core 5500U - (8 GB/512 GB SSD/Windows 11 Home) Thinkbook 15 G3...,"₹58,550",8 GB DDR4 RAM,Windows 11 Operating System,512 GB SSD,AMD Ryzen 5 Hexa Core Processor,39.62 cm (15.6 Inch) Display
Acer ALG Intel Core i5 12th Gen 12450H - (16 GB/512 GB SSD/Windows 11 Home/6 GB Graphics/NVIDIA GeForc...,"₹85,999",16 GB DDR4 RAM,Windows 11 Operating System,512 GB SSD,Intel Core i5 Processor (12th Gen),39.62 cm (15.6 Inch) Display
Acer Swift Neo Office 2024 + M365 Basic Intel Core Ultra 5 115U - (16 GB/512 GB SSD/Windows 11 Home) S...,"₹74,999",16 GB LPDDR5 RAM,64 bit Windows 11 Home Operating System,512 GB SSD,Intel Core Ultra 5 Processor,35.56 cm (14 Inch) Display
ASUS Chromebook Intel Celeron Dual Core N4020 - (4 GB/32 GB EMMC Storage/Chrome OS) CX1101CMA_ID-GJ000...,"₹28,990",4 GB LPDDR4 RAM,64 bit Chrome Operating System,,Intel Celeron Dual Core Processor,29.46 cm (11.6 Inch) Display
"ASUS Vivobook 15, with Backlit Keyboard, Intel Core i5 13th Gen 1335U - (8 GB/512 GB SSD/Windows 11 Ho...","₹68,991",8 GB DDR4 RAM,Windows 11 Home Operating System,512 GB SSD,Intel Core i5 Processor (13th Gen),39.62 cm (15.6 Inch) Display
HP Intel Core Ultra 5 - (16 GB/512 GB SSD/Windows 11 Home) 14-ep1150TU Thin and Light Laptop,"₹82,364",16 GB DDR5 RAM,Windows 11 Home Operating System,512 GB SSD,Intel Core Ultra 5 Processor,35.56 cm (14 Inch) Display
HP 15 with Backlit Keyboard & Office 2024 AMD Ryzen 7 Octa Core 5825U - (16 GB/512 GB SSD/Windows 11 H...,"₹81,450",16 GB DDR4 RAM,Windows 11 Home Operating System,512 GB SSD,AMD Ryzen 7 Octa Core Processor,39.62 cm (15.6 inch) Display
HP Chromebook Intel Celeron Dual Core N4020 - (4 GB/64 GB EMMC Storage/Chrome OS) 14a-ca0505TU Chromeb...,"₹33,899",4 GB LPDDR4 RAM,64 bit Chrome Operating System,,Intel Celeron Dual Core Processor,35.56 cm (14 Inch) Touchscreen Display
Lenovo Ideapad Slim 3i (2021) Intel Core i3 10th Gen 1135G7 - (4 GB/256 GB SSD/Windows 10 Home) Ideapa...,"₹35,690",4 GB DDR4 RAM,64 bit Windows 10 Operating System,256 GB SSD,Intel Core i3 Processor (10th Gen),39.62 cm (15.6 Inch) Display
Apple MacBook Air M3 - (8 GB/512 GB SSD/macOS Sonoma) MRXR3HN/A,"₹1,34,900",8 GB Unified Memory RAM,Mac OS Operating System,512 GB SSD,Apple M3 Processor,33.02 cm (13 Inch) Display
"ASUS Zenbook S 13 OLED 1 cm Thin & 1 kg Light, Intel EVO Intel Core i5 13th Gen 1335U - (16 GB/512 GB ...","₹1,35,499",16 GB LPDDR5 RAM,Windows 11 Operating System,512 GB SSD,Intel Core i5 Processor (13th Gen),33.78 cm (13.3 Inch) Display
DELL Intel Core Ultra 9 290HX Plus - (32 GB/1 TB SSD/Windows 11 Home/12 GB Graphics/NVIDIA GeForce RTX...,"₹4,40,861",32 GB DDR5 RAM,Windows 11 Home Operating System,1 TB SSD,Intel Core Ultra 9 Processor,40.64 cm (16 inch) Display
